pais_iso3,indicador_id,anio,valor,unidad,fuente_url,fecha_extraccion,licencia
PAN,NY.GDP.MKTP.KD.ZG,2010,6.07339353106087,annual %,https://api.worldbank.org/v2/country/PAN;CRI;COL;DOM;MEX;GTM/indicator/NY.GDP.MKTP.KD.ZG,2026-10-06T18:46:40+00:00,CC BY 4.0
PAN,NY.GDP.MKTP.KD.ZG,2011,11.9088772249531,annual %,https://api.worldbank.org/v2/country/PAN;CRI;COL;DOM;MEX;GTM/indicator/NY.GDP.MKTP.KD.ZG,2026-10-06T18:46:40+00:00,CC BY 4.0
PAN,NY.GDP.MKTP.KD.ZG,2012,9.62729346439019,annual %,https://api.worldbank.org/v2/country/PAN;CRI;COL;DOM;MEX;GTM/indicator/NY.GDP.MKTP.KD.ZG,2026-10-06T18:46:40+00:00,CC BY 4.0
PAN,NY.GDP.MKTP.KD.ZG,2013,6.32435388662846,annual %,https://api.worldbank.org/v2/country/PAN;CRI;COL;DOM;MEX;GTM/indicator/NY.GDP.MKTP.KD.ZG,2026-10-06T18:46:40+00:00,CC BY 4.0
PAN,NY.GDP.MKTP.KD.ZG,2014,4.62581375565551,annual %,https://api.worldbank.org/v2/country/PAN;CRI;COL;DOM;MEX;GTM/indicator/NY.GDP.MKTP.KD.ZG,2026-10-06T18:46:40+00:00,CC BY 4.0
PAN,NY.GDP.MKTP.KD.ZG,2015,5.26691719595516,annual %,https://api.worldbank.org/v2/country/PAN;CRI;COL;DOM;MEX;GTM/indicator/NY.GDP.MKTP.KD.ZG,2026-10-06T18:46:40+00:00,CC BY 4.0
PAN,NY.GDP.MKTP.KD.ZG,2016,4.57196707937275,annual %,https://api.worldbank.org/v2/country/PAN;CRI;COL;DOM;MEX;GTM/indicator/NY.GDP.MKTP.KD.ZG,2026-10-06T18:46:40+00:00,CC BY 4.0
PAN,NY.GDP.MKTP.KD.ZG,2017,5.7440594635578,annual %,https://api.worldbank.org/v2/country/PAN;CRI;COL;DOM;MEX;GTM/indicator/NY.GDP.MKTP.KD.ZG,2026-10-06T18:46:40+00:00,CC BY 4.0
PAN,NY.GDP.MKTP.KD.ZG,2018,3.91824253321265,annual %,https://api.worldbank.org/v2/country/PAN;CRI;COL;DOM;MEX;GTM/indicator/NY.GDP.MKTP.KD.ZG,2026-10-06T18:46:40+00:00,CC BY 4.0
PAN,NY.GDP.MKTP.KD.ZG,2019,3.10295395631086,annual %,https://api.worldbank.org/v2/country/PAN;CRI;COL;DOM;MEX;GTM/indicator/NY.GDP.MKTP.KD.ZG,2026-10-06T18:46:40+00:00,CC BY 4.0
PAN,NY.GDP.MKTP.KD.ZG,2020,-17.8211174074602,annual %,https://api.worldbank.org/v2/country/PAN;CRI;COL;DOM;MEX;GTM/indicator/NY.GDP.MKTP.KD.ZG,2026-10-06T18:46:40+00:00,CC BY 4.0
PAN,NY.GDP.MKTP.KD.ZG,2021,16.4669992022652,annual %,https://api.worldbank.org/v2/country/PAN;CRI;COL;DOM;MEX;GTM/indicator/NY.GDP.MKTP.KD.ZG,2026-10-06T18:46:40+00:00,CC BY 4.0
PAN,NY.GDP.MKTP.KD.ZG,2022,11.0386022908773,annual %,https://api.worldbank.org/v2/country/PAN;CRI;COL;DOM;MEX;GTM/indicator/NY.GDP.MKTP.KD.ZG,2026-10-06T18:46:40+00:00,CC BY 4.0
PAN,NY.GDP.MKTP.KD.ZG,2023,7.16634016390665,annual %,https://api.worldbank.org/v2/country/PAN;CRI;COL;DOM;MEX;GTM/indicator/NY.GDP.MKTP.KD.ZG,2026-10-06T18:46:40+00:00,CC BY 4.0
PAN,NY.GDP.MKTP.KD.ZG,2024,2.74784148771307,annual %,https://api.worldbank.org/v2/country/PAN;CRI;COL;DOM;MEX;GTM/indicator/NY.GDP.MKTP.KD.ZG,2026-10-06T18:46:40+00:00,CC BY 4.0
PAN,FP.CPI.TOTL.ZG,2010,3.49128872618809,annual %,https://api.worldbank.org/v2/country/PAN;CRI;COL;DOM;MEX;GTM/indicator/FP.CPI.TOTL.ZG,2026-10-06T18:46:40+00:00,CC BY 4.0
PAN,FP.CPI.TOTL.ZG,2011,5.87580243678763,annual %,https://api.worldbank.org/v2/country/PAN;CRI;COL;DOM;MEX;GTM/indicator/FP.CPI.TOTL.ZG,2026-10-06T18:46:40+00:00,CC BY 4.0
PAN,FP.CPI.TOTL.ZG,2012,5.69819959165993,annual %,https://api.worldbank.org/v2/country/PAN;CRI;COL;DOM;MEX;GTM/indicator/FP.CPI.TOTL.ZG,2026-10-06T18:46:40+00:00,CC BY 4.0
PAN,FP.CPI.TOTL.ZG,2013,4.02715991571061,annual %,https://api.worldbank.org/v2/country/PAN;CRI;COL;DOM;MEX;GTM/indicator/FP.CPI.TOTL.ZG,2026-10-06T18:46:40+00:00,CC BY 4.0
PAN,FP.CPI.TOTL.ZG,2014,2.62652699929143,annual %,https://api.worldbank.org/v2/country/PAN;CRI;COL;DOM;MEX;GTM/indicator/FP.CPI.TOTL.ZG,2026-10-06T18:46:40+00:00,CC BY 4.0
PAN,FP.CPI.TOTL.ZG,2015,0.137492058461588,annual %,https://api.worldbank.org/v2/country/PAN;CRI;COL;DOM;MEX;GTM/indicator/FP.CPI.TOTL.ZG,2026-10-06T18:46:40+00:00,CC BY 4.0
PAN,FP.CPI.TOTL.ZG,2016,0.73973402529995,annual %,https://api.worldbank.org/v2/country/PAN;CRI;COL;DOM;MEX;GTM/indicator/FP.CPI.TOTL.ZG,2026-10-06T18:46:40+00:00,CC BY 4.0
PAN,FP.CPI.TOTL.ZG,2017,0.875585918759963,annual %,https://api.worldbank.org/v2/country/PAN;CRI;COL;DOM;MEX;GTM/indicator/FP.CPI.TOTL.ZG,2026-10-06T18:46:40+00:00,CC BY 4.0
PAN,FP.CPI.TOTL.ZG,2018,0.761578359399945,annual %,https://api.worldbank.org/v2/country/PAN;CRI;COL;DOM;MEX;GTM/indicator/FP.CPI.TOTL.ZG,2026-10-06T18:46:40+00:00,CC BY 4.0
PAN,FP.CPI.TOTL.ZG,2019,-0.355083821021246,annual %,https://api.worldbank.org/v2/country/PAN;CRI;COL;DOM;MEX;GTM/indicator/FP.CPI.TOTL.ZG,2026-10-06T18:46:40+00:00,CC BY 4.0
PAN,FP.CPI.TOTL.ZG,2020,-1.55027540803761,annual %,https://api.worldbank.org/v2/country/PAN;CRI;COL;DOM;MEX;GTM/indicator/FP.CPI.TOTL.ZG,2026-10-06T18:46:40+00:00,CC BY 4.0
PAN,FP.CPI.TOTL.ZG,2021,1.63070337301898,annual %,https://api.worldbank.org/v2/country/PAN;CRI;COL;DOM;MEX;GTM/indicator/FP.CPI.TOTL.ZG,2026-10-06T18:46:40+00:00,CC BY 4.0
PAN,FP.CPI.TOTL.ZG,2022,2.85965128834711,annual %,https://api.worldbank.org/v2/country/PAN;CRI;COL;DOM;MEX;GTM/indicator/FP.CPI.TOTL.ZG,2026-10-06T18:46:40+00:00,CC BY 4.0
PAN,FP.CPI.TOTL.ZG,2023,1.48641355277038,annual %,https://api.worldbank.org/v2/country/PAN;CRI;COL;DOM;MEX;GTM/indicator/FP.CPI.TOTL.ZG,2026-10-06T18:46:40+00:00,CC BY 4.0
PAN,FP.CPI.TOTL.ZG,2024,0.69322555100446,annual %,https://api.worldbank.org/v2/country/PAN;CRI;COL;DOM;MEX;GTM/indicator/FP.CPI.TOTL.ZG,2026-10-06T18:46:40+00:00,CC BY 4.0
PAN,SL.UEM.TOTL.ZS,2010,5.845,modeled ILO estimate,https://api.worldbank.org/v2/country/PAN;CRI;COL;DOM;MEX;GTM/indicator/SL.UEM.TOTL.ZS,2026-10-06T18:46:40+00:00,CC BY 4.0
PAN,SL.UEM.TOTL.ZS,2011,4.03,modeled ILO estimate,https://api.worldbank.org/v2/country/PAN;CRI;COL;DOM;MEX;GTM/indicator/SL.UEM.TOTL.ZS,2026-10-06T18:46:40+00:00,CC BY 4.0
PAN,SL.UEM.TOTL.ZS,2012,3.691,modeled ILO estimate,https://api.worldbank.org/v2/country/PAN;CRI;COL;DOM;MEX;GTM/indicator/SL.UEM.TOTL.ZS,2026-10-06T18:46:40+00:00,CC BY 4.0
PAN,SL.UEM.TOTL.ZS,2013,3.674,modeled ILO estimate,https://api.worldbank.org/v2/country/PAN;CRI;COL;DOM;MEX;GTM/indicator/SL.UEM.TOTL.ZS,2026-10-06T18:46:40+00:00,CC BY 4.0
PAN,SL.UEM.TOTL.ZS,2014,4.391,modeled ILO estimate,https://api.worldbank.org/v2/country/PAN;CRI;COL;DOM;MEX;GTM/indicator/SL.UEM.TOTL.ZS,2026-10-06T18:46:40+00:00,CC BY 4.0
PAN,SL.UEM.TOTL.ZS,2015,4.335,modeled ILO estimate,https://api.worldbank.org/v2/country/PAN;CRI;COL;DOM;MEX;GTM/indicator/SL.UEM.TOTL.ZS,2026-10-06T18:46:40+00:00,CC BY 4.0
PAN,SL.UEM.TOTL.ZS,2016,4.717,modeled ILO estimate,https://api.worldbank.org/v2/country/PAN;CRI;COL;DOM;MEX;GTM/indicator/SL.UEM.TOTL.ZS,2026-10-06T18:46:40+00:00,CC BY 4.0
PAN,SL.UEM.TOTL.ZS,2017,5.338,modeled ILO estimate,https://api.worldbank.org/v2/country/PAN;CRI;COL;DOM;MEX;GTM/indicator/SL.UEM.TOTL.ZS,2026-10-06T18:46:40+00:00,CC BY 4.0
PAN,SL.UEM.TOTL.ZS,2018,5.161,modeled ILO estimate,https://api.worldbank.org/v2/country/PAN;CRI;COL;DOM;MEX;GTM/indicator/SL.UEM.TOTL.ZS,2026-10-06T18:46:40+00:00,CC BY 4.0
PAN,SL.UEM.TOTL.ZS,2019,6.256,modeled ILO estimate,https://api.worldbank.org/v2/country/PAN;CRI;COL;DOM;MEX;GTM/indicator/SL.UEM.TOTL.ZS,2026-10-06T18:46:40+00:00,CC BY 4.0
PAN,SL.UEM.TOTL.ZS,2020,14.663,modeled ILO estimate,https://api.worldbank.org/v2/country/PAN;CRI;COL;DOM;MEX;GTM/indicator/SL.UEM.TOTL.ZS,2026-10-06T18:46:40+00:00,CC BY 4.0
PAN,SL.UEM.TOTL.ZS,2021,10.177,modeled ILO estimate,https://api.worldbank.org/v2/country/PAN;CRI;COL;DOM;MEX;GTM/indicator/SL.UEM.TOTL.ZS,2026-10-06T18:46:40+00:00,CC BY 4.0
PAN,SL.UEM.TOTL.ZS,2022,8.086,modeled ILO estimate,https://api.worldbank.org/v2/country/PAN;CRI;COL;DOM;MEX;GTM/indicator/SL.UEM.TOTL.ZS,2026-10-06T18:46:40+00:00,CC BY 4.0
PAN,SL.UEM.TOTL.ZS,2023,6.544,modeled ILO estimate,https://api.worldbank.org/v2/country/PAN;CRI;COL;DOM;MEX;GTM/indicator/SL.UEM.TOTL.ZS,2026-10-06T18:46:40+00:00,CC BY 4.0
PAN,SL.UEM.TOTL.ZS,2024,8.451,modeled ILO estimate,https://api.worldbank.org/v2/country/PAN;CRI;COL;DOM;MEX;GTM/indicator/SL.UEM.TOTL.ZS,2026-10-06T18:46:40+00:00,CC BY 4.0
PAN,SP.POP.TOTL,2010,3628535.0,,https://api.worldbank.org/v2/country/PAN;CRI;COL;DOM;MEX;GTM/indicator/SP.POP.TOTL,2026-10-06T18:46:40+00:00,CC BY 4.0
PAN,SP.POP.TOTL,2011,3693505.0,,https://api.worldbank.org/v2/country/PAN;CRI;COL;DOM;MEX;GTM/indicator/SP.POP.TOTL,2026-10-06T18:46:40+00:00,CC BY 4.0
PAN,SP.POP.TOTL,2012,3759256.0,,https://api.worldbank.org/v2/country/PAN;CRI;COL;DOM;MEX;GTM/indicator/SP.POP.TOTL,2026-10-06T18:46:40+00:00,CC BY 4.0
PAN,SP.POP.TOTL,2013,3825329.0,,https://api.worldbank.org/v2/country/PAN;CRI;COL;DOM;MEX;GTM/indicator/SP.POP.TOTL,2026-10-06T18:46:40+00:00,CC BY 4.0
PAN,SP.POP.TOTL,2014,3892101.0,,https://api.worldbank.org/v2/country/PAN;CRI;COL;DOM;MEX;GTM/indicator/SP.POP.TOTL,2026-10-06T18:46:40+00:00,CC BY 4.0
PAN,SP.POP.TOTL,2015,3960035.0,,https://api.worldbank.org/v2/country/PAN;CRI;COL;DOM;MEX;GTM/indicator/SP.POP.TOTL,2026-10-06T18:46:40+00:00,CC BY 4.0
PAN,SP.POP.TOTL,2016,4029086.0,,https://api.worldbank.org/v2/country/PAN;CRI;COL;DOM;MEX;GTM/indicator/SP.POP.TOTL,2026-10-06T18:46:40+00:00,CC BY 4.0
PAN,SP.POP.TOTL,2017,4098707.0,,https://api.worldbank.org/v2/country/PAN;CRI;COL;DOM;MEX;GTM/indicator/SP.POP.TOTL,2026-10-06T18:46:40+00:00,CC BY 4.0
PAN,SP.POP.TOTL,2018,4167860.0,,https://api.worldbank.org/v2/country/PAN;CRI;COL;DOM;MEX;GTM/indicator/SP.POP.TOTL,2026-10-06T18:46:40+00:00,CC BY 4.0
PAN,SP.POP.TOTL,2019,4234700.0,,https://api.worldbank.org/v2/country/PAN;CRI;COL;DOM;MEX;GTM/indicator/SP.POP.TOTL,2026-10-06T18:46:40+00:00,CC BY 4.0
PAN,SP.POP.TOTL,2020,4293261.0,,https://api.worldbank.org/v2/country/PAN;CRI;COL;DOM;MEX;GTM/indicator/SP.POP.TOTL,2026-10-06T18:46:40+00:00,CC BY 4.0
PAN,SP.POP.TOTL,2021,4345405.0,,https://api.worldbank.org/v2/country/PAN;CRI;COL;DOM;MEX;GTM/indicator/SP.POP.TOTL,2026-10-06T18:46:40+00:00,CC BY 4.0
PAN,SP.POP.TOTL,2022,4400773.0,,https://api.worldbank.org/v2/country/PAN;CRI;COL;DOM;MEX;GTM/indicator/SP.POP.TOTL,2026-10-06T18:46:40+00:00,CC BY 4.0
PAN,SP.POP.TOTL,2023,4458759.0,,https://api.worldbank.org/v2/country/PAN;CRI;COL;DOM;MEX;GTM/indicator/SP.POP.TOTL,2026-10-06T18:46:40+00:00,CC BY 4.0
PAN,SP.POP.TOTL,2024,4515577.0,,https://api.worldbank.org/v2/country/PAN;CRI;COL;DOM;MEX;GTM/indicator/SP.POP.TOTL,2026-10-06T18:46:40+00:00,CC BY 4.0
PAN,IT.NET.USER.ZS,2010,40.1,% of population,https://api.worldbank.org/v2/country/PAN;CRI;COL;DOM;MEX;GTM/indicator/IT.NET.USER.ZS,2026-10-06T18:46:40+00:00,CC BY 4.0
PAN,IT.NET.USER.ZS,2011,42.7,% of population,https://api.worldbank.org/v2/country/PAN;CRI;COL;DOM;MEX;GTM/indicator/IT.NET.USER.ZS,2026-10-06T18:46:40+00:00,CC BY 4.0
PAN,IT.NET.USER.ZS,2012,40.3018952210488,% of population,https://api.worldbank.org/v2/country/PAN;CRI;COL;DOM;MEX;GTM/indicator/IT.NET.USER.ZS,2026-10-06T18:46:40+00:00,CC BY 4.0
PAN,IT.NET.USER.ZS,2013,44.03,% of population,https://api.worldbank.org/v2/country/PAN;CRI;COL;DOM;MEX;GTM/indicator/IT.NET.USER.ZS,2026-10-06T18:46:40+00:00,CC BY 4.0
PAN,IT.NET.USER.ZS,2014,44.9238152577893,% of population,https://api.worldbank.org/v2/country/PAN;CRI;COL;DOM;MEX;GTM/indicator/IT.NET.USER.ZS,2026-10-06T18:46:40+00:00,CC BY 4.0
PAN,IT.NET.USER.ZS,2015,51.2054249948687,% of population,https://api.worldbank.org/v2/country/PAN;CRI;COL;DOM;MEX;GTM/indicator/IT.NET.USER.ZS,2026-10-06T18:46:40+00:00,CC BY 4.0
PAN,IT.NET.USER.ZS,2016,54.0,% of population,https://api.worldbank.org/v2/country/PAN;CRI;COL;DOM;MEX;GTM/indicator/IT.NET.USER.ZS,2026-10-06T18:46:40+00:00,CC BY 4.0
PAN,IT.NET.USER.ZS,2017,59.9506309038683,% of population,https://api.worldbank.org/v2/country/PAN;CRI;COL;DOM;MEX;GTM/indicator/IT.NET.USER.ZS,2026-10-06T18:46:40+00:00,CC BY 4.0
PAN,IT.NET.USER.ZS,2018,61.8055313202468,% of population,https://api.worldbank.org/v2/country/PAN;CRI;COL;DOM;MEX;GTM/indicator/IT.NET.USER.ZS,2026-10-06T18:46:40+00:00,CC BY 4.0
PAN,IT.NET.USER.ZS,2019,63.6284147731451,% of population,https://api.worldbank.org/v2/country/PAN;CRI;COL;DOM;MEX;GTM/indicator/IT.NET.USER.ZS,2026-10-06T18:46:40+00:00,CC BY 4.0
PAN,IT.NET.USER.ZS,2020,64.82430267,% of population,https://api.worldbank.org/v2/country/PAN;CRI;COL;DOM;MEX;GTM/indicator/IT.NET.USER.ZS,2026-10-06T18:46:40+00:00,CC BY 4.0
PAN,IT.NET.USER.ZS,2021,66.04270172,% of population,https://api.worldbank.org/v2/country/PAN;CRI;COL;DOM;MEX;GTM/indicator/IT.NET.USER.ZS,2026-10-06T18:46:40+00:00,CC BY 4.0
PAN,IT.NET.USER.ZS,2022,67.2838974,% of population,https://api.worldbank.org/v2/country/PAN;CRI;COL;DOM;MEX;GTM/indicator/IT.NET.USER.ZS,2026-10-06T18:46:40+00:00,CC BY 4.0
PAN,IT.NET.USER.ZS,2023,68.54851592,% of population,https://api.worldbank.org/v2/country/PAN;CRI;COL;DOM;MEX;GTM/indicator/IT.NET.USER.ZS,2026-10-06T18:46:40+00:00,CC BY 4.0
PAN,IT.NET.USER.ZS,2024,72.77149963,% of population,https://api.worldbank.org/v2/country/PAN;CRI;COL;DOM;MEX;GTM/indicator/IT.NET.USER.ZS,2026-10-06T18:46:40+00:00,CC BY 4.0
PAN,NE.EXP.GNFS.ZS,2010,70.025242127624,% of GDP,https://api.worldbank.org/v2/country/PAN;CRI;COL;DOM;MEX;GTM/indicator/NE.EXP.GNFS.ZS,2026-10-06T18:46:40+00:00,CC BY 4.0
PAN,NE.EXP.GNFS.ZS,2011,77.7456721038553,% of GDP,https://api.worldbank.org/v2/country/PAN;CRI;COL;DOM;MEX;GTM/indicator/NE.EXP.GNFS.ZS,2026-10-06T18:46:40+00:00,CC BY 4.0
PAN,NE.EXP.GNFS.ZS,2012,74.5443157318036,% of GDP,https://api.worldbank.org/v2/country/PAN;CRI;COL;DOM;MEX;GTM/indicator/NE.EXP.GNFS.ZS,2026-10-06T18:46:40+00:00,CC BY 4.0
PAN,NE.EXP.GNFS.ZS,2013,64.5610772417975,% of GDP,https://api.worldbank.org/v2/country/PAN;CRI;COL;DOM;MEX;GTM/indicator/NE.EXP.GNFS.ZS,2026-10-06T18:46:40+00:00,CC BY 4.0
PAN,NE.EXP.GNFS.ZS,2014,54.8890820412486,% of GDP,https://api.worldbank.org/v2/country/PAN;CRI;COL;DOM;MEX;GTM/indicator/NE.EXP.GNFS.ZS,2026-10-06T18:46:40+00:00,CC BY 4.0
PAN,NE.EXP.GNFS.ZS,2015,47.3866198943049,% of GDP,https://api.worldbank.org/v2/country/PAN;CRI;COL;DOM;MEX;GTM/indicator/NE.EXP.GNFS.ZS,2026-10-06T18:46:40+00:00,CC BY 4.0
PAN,NE.EXP.GNFS.ZS,2016,41.7407554754564,% of GDP,https://api.worldbank.org/v2/country/PAN;CRI;COL;DOM;MEX;GTM/indicator/NE.EXP.GNFS.ZS,2026-10-06T18:46:40+00:00,CC BY 4.0
PAN,NE.EXP.GNFS.ZS,2017,41.4710106917443,% of GDP,https://api.worldbank.org/v2/country/PAN;CRI;COL;DOM;MEX;GTM/indicator/NE.EXP.GNFS.ZS,2026-10-06T18:46:40+00:00,CC BY 4.0
PAN,NE.EXP.GNFS.ZS,2018,42.3471044929045,% of GDP,https://api.worldbank.org/v2/country/PAN;CRI;COL;DOM;MEX;GTM/indicator/NE.EXP.GNFS.ZS,2026-10-06T18:46:40+00:00,CC BY 4.0
PAN,NE.EXP.GNFS.ZS,2019,40.2141745207689,% of GDP,https://api.worldbank.org/v2/country/PAN;CRI;COL;DOM;MEX;GTM/indicator/NE.EXP.GNFS.ZS,2026-10-06T18:46:40+00:00,CC BY 4.0
PAN,NE.EXP.GNFS.ZS,2020,36.269088105591,% of GDP,https://api.worldbank.org/v2/country/PAN;CRI;COL;DOM;MEX;GTM/indicator/NE.EXP.GNFS.ZS,2026-10-06T18:46:40+00:00,CC BY 4.0
PAN,NE.EXP.GNFS.ZS,2021,41.6067039493249,% of GDP,https://api.worldbank.org/v2/country/PAN;CRI;COL;DOM;MEX;GTM/indicator/NE.EXP.GNFS.ZS,2026-10-06T18:46:40+00:00,CC BY 4.0
PAN,NE.EXP.GNFS.ZS,2022,48.0265978360198,% of GDP,https://api.worldbank.org/v2/country/PAN;CRI;COL;DOM;MEX;GTM/indicator/NE.EXP.GNFS.ZS,2026-10-06T18:46:40+00:00,CC BY 4.0
PAN,NE.EXP.GNFS.ZS,2023,45.6292440025453,% of GDP,https://api.worldbank.org/v2/country/PAN;CRI;COL;DOM;MEX;GTM/indicator/NE.EXP.GNFS.ZS,2026-10-06T18:46:40+00:00,CC BY 4.0
PAN,NE.EXP.GNFS.ZS,2024,44.3578422661429,% of GDP,https://api.worldbank.org/v2/country/PAN;CRI;COL;DOM;MEX;GTM/indicator/NE.EXP.GNFS.ZS,2026-10-06T18:46:40+00:00,CC BY 4.0
CRI,NY.GDP.MKTP.KD.ZG,2010,5.36034347722267,annual %,https://api.worldbank.org/v2/country/PAN;CRI;COL;DOM;MEX;GTM/indicator/NY.GDP.MKTP.KD.ZG,2026-10-06T18:46:40+00:00,CC BY 4.0
CRI,NY.GDP.MKTP.KD.ZG,2011,4.40315921836142,annual %,https://api.worldbank.org/v2/country/PAN;CRI;COL;DOM;MEX;GTM/indicator/NY.GDP.MKTP.KD.ZG,2026-10-06T18:46:40+00:00,CC BY 4.0
CRI,NY.GDP.MKTP.KD.ZG,2012,4.88259252932575,annual %,https://api.worldbank.org/v2/country/PAN;CRI;COL;DOM;MEX;GTM/indicator/NY.GDP.MKTP.KD.ZG,2026-10-06T18:46:40+00:00,CC BY 4.0
CRI,NY.GDP.MKTP.KD.ZG,2013,2.49476596233289,annual %,https://api.worldbank.org/v2/country/PAN;CRI;COL;DOM;MEX;GTM/indicator/NY.GDP.MKTP.KD.ZG,2026-10-06T18:46:40+00:00,CC BY 4.0
CRI,NY.GDP.MKTP.KD.ZG,2014,3.54210997703849,annual %,https://api.worldbank.org/v2/country/PAN;CRI;COL;DOM;MEX;GTM/indicator/NY.GDP.MKTP.KD.ZG,2026-10-06T18:46:40+00:00,CC BY 4.0
CRI,NY.GDP.MKTP.KD.ZG,2015,3.65208093006359,annual %,https://api.worldbank.org/v2/country/PAN;CRI;COL;DOM;MEX;GTM/indicator/NY.GDP.MKTP.KD.ZG,2026-10-06T18:46:40+00:00,CC BY 4.0
CRI,NY.GDP.MKTP.KD.ZG,2016,4.20432320775184,annual %,https://api.worldbank.org/v2/country/PAN;CRI;COL;DOM;MEX;GTM/indicator/NY.GDP.MKTP.KD.ZG,2026-10-06T18:46:40+00:00,CC BY 4.0
CRI,NY.GDP.MKTP.KD.ZG,2017,4.15769914676933,annual %,https://api.worldbank.org/v2/country/PAN;CRI;COL;DOM;MEX;GTM/indicator/NY.GDP.MKTP.KD.ZG,2026-10-06T18:46:40+00:00,CC BY 4.0
CRI,NY.GDP.MKTP.KD.ZG,2018,2.85285959760458,annual %,https://api.worldbank.org/v2/country/PAN;CRI;COL;DOM;MEX;GTM/indicator/NY.GDP.MKTP.KD.ZG,2026-10-06T18:46:40+00:00,CC BY 4.0
CRI,NY.GDP.MKTP.KD.ZG,2019,2.70813912948329,annual %,https://api.worldbank.org/v2/country/PAN;CRI;COL;DOM;MEX;GTM/indicator/NY.GDP.MKTP.KD.ZG,2026-10-06T18:46:40+00:00,CC BY 4.0
CRI,NY.GDP.MKTP.KD.ZG,2020,-4.14159340574358,annual %,https://api.worldbank.org/v2/country/PAN;CRI;COL;DOM;MEX;GTM/indicator/NY.GDP.MKTP.KD.ZG,2026-10-06T18:46:40+00:00,CC BY 4.0
CRI,NY.GDP.MKTP.KD.ZG,2021,8.21817953969082,annual %,https://api.worldbank.org/v2/country/PAN;CRI;COL;DOM;MEX;GTM/indicator/NY.GDP.MKTP.KD.ZG,2026-10-06T18:46:40+00:00,CC BY 4.0
CRI,NY.GDP.MKTP.KD.ZG,2022,5.46119455235068,annual %,https://api.worldbank.org/v2/country/PAN;CRI;COL;DOM;MEX;GTM/indicator/NY.GDP.MKTP.KD.ZG,2026-10-06T18:46:40+00:00,CC BY 4.0
CRI,NY.GDP.MKTP.KD.ZG,2023,4.79187732359398,annual %,https://api.worldbank.org/v2/country/PAN;CRI;COL;DOM;MEX;GTM/indicator/NY.GDP.MKTP.KD.ZG,2026-10-06T18:46:40+00:00,CC BY 4.0
CRI,NY.GDP.MKTP.KD.ZG,2024,4.08292444182048,annual %,https://api.worldbank.org/v2/country/PAN;CRI;COL;DOM;MEX;GTM/indicator/NY.GDP.MKTP.KD.ZG,2026-10-06T18:46:40+00:00,CC BY 4.0
CRI,FP.CPI.TOTL.ZG,2010,5.66275708420021,annual %,https://api.worldbank.org/v2/country/PAN;CRI;COL;DOM;MEX;GTM/indicator/FP.CPI.TOTL.ZG,2026-10-06T18:46:40+00:00,CC BY 4.0
CRI,FP.CPI.TOTL.ZG,2011,4.87799830970702,annual %,https://api.worldbank.org/v2/country/PAN;CRI;COL;DOM;MEX;GTM/indicator/FP.CPI.TOTL.ZG,2026-10-06T18:46:40+00:00,CC BY 4.0
CRI,FP.CPI.TOTL.ZG,2012,4.49545314354605,annual %,https://api.worldbank.org/v2/country/PAN;CRI;COL;DOM;MEX;GTM/indicator/FP.CPI.TOTL.ZG,2026-10-06T18:46:40+00:00,CC BY 4.0
CRI,FP.CPI.TOTL.ZG,2013,5.23133614174428,annual %,https://api.worldbank.org/v2/country/PAN;CRI;COL;DOM;MEX;GTM/indicator/FP.CPI.TOTL.ZG,2026-10-06T18:46:40+00:00,CC BY 4.0
CRI,FP.CPI.TOTL.ZG,2014,4.51920098516954,annual %,https://api.worldbank.org/v2/country/PAN;CRI;COL;DOM;MEX;GTM/indicator/FP.CPI.TOTL.ZG,2026-10-06T18:46:40+00:00,CC BY 4.0
CRI,FP.CPI.TOTL.ZG,2015,0.801982005099623,annual %,https://api.worldbank.org/v2/country/PAN;CRI;COL;DOM;MEX;GTM/indicator/FP.CPI.TOTL.ZG,2026-10-06T18:46:40+00:00,CC BY 4.0
CRI,FP.CPI.TOTL.ZG,2016,-0.0174788505908217,annual %,https://api.worldbank.org/v2/country/PAN;CRI;COL;DOM;MEX;GTM/indicator/FP.CPI.TOTL.ZG,2026-10-06T18:46:40+00:00,CC BY 4.0
CRI,FP.CPI.TOTL.ZG,2017,1.62590692991732,annual %,https://api.worldbank.org/v2/country/PAN;CRI;COL;DOM;MEX;GTM/indicator/FP.CPI.TOTL.ZG,2026-10-06T18:46:40+00:00,CC BY 4.0
CRI,FP.CPI.TOTL.ZG,2018,2.22111461526581,annual %,https://api.worldbank.org/v2/country/PAN;CRI;COL;DOM;MEX;GTM/indicator/FP.CPI.TOTL.ZG,2026-10-06T18:46:40+00:00,CC BY 4.0
CRI,FP.CPI.TOTL.ZG,2019,2.09604635327807,annual %,https://api.worldbank.org/v2/country/PAN;CRI;COL;DOM;MEX;GTM/indicator/FP.CPI.TOTL.ZG,2026-10-06T18:46:40+00:00,CC BY 4.0
CRI,FP.CPI.TOTL.ZG,2020,0.724911478131376,annual %,https://api.worldbank.org/v2/country/PAN;CRI;COL;DOM;MEX;GTM/indicator/FP.CPI.TOTL.ZG,2026-10-06T18:46:40+00:00,CC BY 4.0
CRI,FP.CPI.TOTL.ZG,2021,1.72647755109241,annual %,https://api.worldbank.org/v2/country/PAN;CRI;COL;DOM;MEX;GTM/indicator/FP.CPI.TOTL.ZG,2026-10-06T18:46:40+00:00,CC BY 4.0
CRI,FP.CPI.TOTL.ZG,2022,8.27477490232654,annual %,https://api.worldbank.org/v2/country/PAN;CRI;COL;DOM;MEX;GTM/indicator/FP.CPI.TOTL.ZG,2026-10-06T18:46:40+00:00,CC BY 4.0
CRI,FP.CPI.TOTL.ZG,2023,0.525193508693455,annual %,https://api.worldbank.org/v2/country/PAN;CRI;COL;DOM;MEX;GTM/indicator/FP.CPI.TOTL.ZG,2026-10-06T18:46:40+00:00,CC BY 4.0
CRI,FP.CPI.TOTL.ZG,2024,-0.412853001047069,annual %,https://api.worldbank.org/v2/country/PAN;CRI;COL;DOM;MEX;GTM/indicator/FP.CPI.TOTL.ZG,2026-10-06T18:46:40+00:00,CC BY 4.0
CRI,SL.UEM.TOTL.ZS,2010,7.171,modeled ILO estimate,https://api.worldbank.org/v2/country/PAN;CRI;COL;DOM;MEX;GTM/indicator/SL.UEM.TOTL.ZS,2026-10-06T18:46:40+00:00,CC BY 4.0
CRI,SL.UEM.TOTL.ZS,2011,9.518,modeled ILO estimate,https://api.worldbank.org/v2/country/PAN;CRI;COL;DOM;MEX;GTM/indicator/SL.UEM.TOTL.ZS,2026-10-06T18:46:40+00:00,CC BY 4.0
CRI,SL.UEM.TOTL.ZS,2012,9.11,modeled ILO estimate,https://api.worldbank.org/v2/country/PAN;CRI;COL;DOM;MEX;GTM/indicator/SL.UEM.TOTL.ZS,2026-10-06T18:46:40+00:00,CC BY 4.0
CRI,SL.UEM.TOTL.ZS,2013,8.218,modeled ILO estimate,https://api.worldbank.org/v2/country/PAN;CRI;COL;DOM;MEX;GTM/indicator/SL.UEM.TOTL.ZS,2026-10-06T18:46:40+00:00,CC BY 4.0
CRI,SL.UEM.TOTL.ZS,2014,8.499,modeled ILO estimate,https://api.worldbank.org/v2/country/PAN;CRI;COL;DOM;MEX;GTM/indicator/SL.UEM.TOTL.ZS,2026-10-06T18:46:40+00:00,CC BY 4.0
CRI,SL.UEM.TOTL.ZS,2015,8.415,modeled ILO estimate,https://api.worldbank.org/v2/country/PAN;CRI;COL;DOM;MEX;GTM/indicator/SL.UEM.TOTL.ZS,2026-10-06T18:46:40+00:00,CC BY 4.0
CRI,SL.UEM.TOTL.ZS,2016,8.085,modeled ILO estimate,https://api.worldbank.org/v2/country/PAN;CRI;COL;DOM;MEX;GTM/indicator/SL.UEM.TOTL.ZS,2026-10-06T18:46:40+00:00,CC BY 4.0
CRI,SL.UEM.TOTL.ZS,2017,7.729,modeled ILO estimate,https://api.worldbank.org/v2/country/PAN;CRI;COL;DOM;MEX;GTM/indicator/SL.UEM.TOTL.ZS,2026-10-06T18:46:40+00:00,CC BY 4.0
CRI,SL.UEM.TOTL.ZS,2018,9.01,modeled ILO estimate,https://api.worldbank.org/v2/country/PAN;CRI;COL;DOM;MEX;GTM/indicator/SL.UEM.TOTL.ZS,2026-10-06T18:46:40+00:00,CC BY 4.0
CRI,SL.UEM.TOTL.ZS,2019,10.807,modeled ILO estimate,https://api.worldbank.org/v2/country/PAN;CRI;COL;DOM;MEX;GTM/indicator/SL.UEM.TOTL.ZS,2026-10-06T18:46:40+00:00,CC BY 4.0
CRI,SL.UEM.TOTL.ZS,2020,16.432,modeled ILO estimate,https://api.worldbank.org/v2/country/PAN;CRI;COL;DOM;MEX;GTM/indicator/SL.UEM.TOTL.ZS,2026-10-06T18:46:40+00:00,CC BY 4.0
CRI,SL.UEM.TOTL.ZS,2021,15.139,modeled ILO estimate,https://api.worldbank.org/v2/country/PAN;CRI;COL;DOM;MEX;GTM/indicator/SL.UEM.TOTL.ZS,2026-10-06T18:46:40+00:00,CC BY 4.0
CRI,SL.UEM.TOTL.ZS,2022,11.325,modeled ILO estimate,https://api.worldbank.org/v2/country/PAN;CRI;COL;DOM;MEX;GTM/indicator/SL.UEM.TOTL.ZS,2026-10-06T18:46:40+00:00,CC BY 4.0
CRI,SL.UEM.TOTL.ZS,2023,8.325,modeled ILO estimate,https://api.worldbank.org/v2/country/PAN;CRI;COL;DOM;MEX;GTM/indicator/SL.UEM.TOTL.ZS,2026-10-06T18:46:40+00:00,CC BY 4.0
CRI,SL.UEM.TOTL.ZS,2024,6.936,modeled ILO estimate,https://api.worldbank.org/v2/country/PAN;CRI;COL;DOM;MEX;GTM/indicator/SL.UEM.TOTL.ZS,2026-10-06T18:46:40+00:00,CC BY 4.0
CRI,SP.POP.TOTL,2010,4555962.0,,https://api.worldbank.org/v2/country/PAN;CRI;COL;DOM;MEX;GTM/indicator/SP.POP.TOTL,2026-10-06T18:46:40+00:00,CC BY 4.0
CRI,SP.POP.TOTL,2011,4609833.0,,https://api.worldbank.org/v2/country/PAN;CRI;COL;DOM;MEX;GTM/indicator/SP.POP.TOTL,2026-10-06T18:46:40+00:00,CC BY 4.0
CRI,SP.POP.TOTL,2012,4663934.0,,https://api.worldbank.org/v2/country/PAN;CRI;COL;DOM;MEX;GTM/indicator/SP.POP.TOTL,2026-10-06T18:46:40+00:00,CC BY 4.0
CRI,SP.POP.TOTL,2013,4716147.0,,https://api.worldbank.org/v2/country/PAN;CRI;COL;DOM;MEX;GTM/indicator/SP.POP.TOTL,2026-10-06T18:46:40+00:00,CC BY 4.0
CRI,SP.POP.TOTL,2014,4767119.0,,https://api.worldbank.org/v2/country/PAN;CRI;COL;DOM;MEX;GTM/indicator/SP.POP.TOTL,2026-10-06T18:46:40+00:00,CC BY 4.0
CRI,SP.POP.TOTL,2015,4818038.0,,https://api.worldbank.org/v2/country/PAN;CRI;COL;DOM;MEX;GTM/indicator/SP.POP.TOTL,2026-10-06T18:46:40+00:00,CC BY 4.0
CRI,SP.POP.TOTL,2016,4866998.0,,https://api.worldbank.org/v2/country/PAN;CRI;COL;DOM;MEX;GTM/indicator/SP.POP.TOTL,2026-10-06T18:46:40+00:00,CC BY 4.0
CRI,SP.POP.TOTL,2017,4913177.0,,https://api.worldbank.org/v2/country/PAN;CRI;COL;DOM;MEX;GTM/indicator/SP.POP.TOTL,2026-10-06T18:46:40+00:00,CC BY 4.0
CRI,SP.POP.TOTL,2018,4957818.0,,https://api.worldbank.org/v2/country/PAN;CRI;COL;DOM;MEX;GTM/indicator/SP.POP.TOTL,2026-10-06T18:46:40+00:00,CC BY 4.0
CRI,SP.POP.TOTL,2019,4999553.0,,https://api.worldbank.org/v2/country/PAN;CRI;COL;DOM;MEX;GTM/indicator/SP.POP.TOTL,2026-10-06T18:46:40+00:00,CC BY 4.0
CRI,SP.POP.TOTL,2020,5034320.0,,https://api.worldbank.org/v2/country/PAN;CRI;COL;DOM;MEX;GTM/indicator/SP.POP.TOTL,2026-10-06T18:46:40+00:00,CC BY 4.0
CRI,SP.POP.TOTL,2021,5059988.0,,https://api.worldbank.org/v2/country/PAN;CRI;COL;DOM;MEX;GTM/indicator/SP.POP.TOTL,2026-10-06T18:46:40+00:00,CC BY 4.0
CRI,SP.POP.TOTL,2022,5081765.0,,https://api.worldbank.org/v2/country/PAN;CRI;COL;DOM;MEX;GTM/indicator/SP.POP.TOTL,2026-10-06T18:46:40+00:00,CC BY 4.0
CRI,SP.POP.TOTL,2023,5105525.0,,https://api.worldbank.org/v2/country/PAN;CRI;COL;DOM;MEX;GTM/indicator/SP.POP.TOTL,2026-10-06T18:46:40+00:00,CC BY 4.0
CRI,SP.POP.TOTL,2024,5129910.0,,https://api.worldbank.org/v2/country/PAN;CRI;COL;DOM;MEX;GTM/indicator/SP.POP.TOTL,2026-10-06T18:46:40+00:00,CC BY 4.0
CRI,IT.NET.USER.ZS,2010,36.5,% of population,https://api.worldbank.org/v2/country/PAN;CRI;COL;DOM;MEX;GTM/indicator/IT.NET.USER.ZS,2026-10-06T18:46:40+00:00,CC BY 4.0
CRI,IT.NET.USER.ZS,2011,39.2121959961842,% of population,https://api.worldbank.org/v2/country/PAN;CRI;COL;DOM;MEX;GTM/indicator/IT.NET.USER.ZS,2026-10-06T18:46:40+00:00,CC BY 4.0
CRI,IT.NET.USER.ZS,2012,47.5,% of population,https://api.worldbank.org/v2/country/PAN;CRI;COL;DOM;MEX;GTM/indicator/IT.NET.USER.ZS,2026-10-06T18:46:40+00:00,CC BY 4.0
CRI,IT.NET.USER.ZS,2013,45.96,% of population,https://api.worldbank.org/v2/country/PAN;CRI;COL;DOM;MEX;GTM/indicator/IT.NET.USER.ZS,2026-10-06T18:46:40+00:00,CC BY 4.0
CRI,IT.NET.USER.ZS,2014,53.0,% of population,https://api.worldbank.org/v2/country/PAN;CRI;COL;DOM;MEX;GTM/indicator/IT.NET.USER.ZS,2026-10-06T18:46:40+00:00,CC BY 4.0
CRI,IT.NET.USER.ZS,2015,59.7629501371681,% of population,https://api.worldbank.org/v2/country/PAN;CRI;COL;DOM;MEX;GTM/indicator/IT.NET.USER.ZS,2026-10-06T18:46:40+00:00,CC BY 4.0
CRI,IT.NET.USER.ZS,2016,65.8804491942718,% of population,https://api.worldbank.org/v2/country/PAN;CRI;COL;DOM;MEX;GTM/indicator/IT.NET.USER.ZS,2026-10-06T18:46:40+00:00,CC BY 4.0
CRI,IT.NET.USER.ZS,2017,71.5816646195022,% of population,https://api.worldbank.org/v2/country/PAN;CRI;COL;DOM;MEX;GTM/indicator/IT.NET.USER.ZS,2026-10-06T18:46:40+00:00,CC BY 4.0
CRI,IT.NET.USER.ZS,2018,73.4797284369906,% of population,https://api.worldbank.org/v2/country/PAN;CRI;COL;DOM;MEX;GTM/indicator/IT.NET.USER.ZS,2026-10-06T18:46:40+00:00,CC BY 4.0
CRI,IT.NET.USER.ZS,2019,81.2025964435269,% of population,https://api.worldbank.org/v2/country/PAN;CRI;COL;DOM;MEX;GTM/indicator/IT.NET.USER.ZS,2026-10-06T18:46:40+00:00,CC BY 4.0
CRI,IT.NET.USER.ZS,2020,80.53018608,% of population,https://api.worldbank.org/v2/country/PAN;CRI;COL;DOM;MEX;GTM/indicator/IT.NET.USER.ZS,2026-10-06T18:46:40+00:00,CC BY 4.0
CRI,IT.NET.USER.ZS,2021,82.74901607,% of population,https://api.worldbank.org/v2/country/PAN;CRI;COL;DOM;MEX;GTM/indicator/IT.NET.USER.ZS,2026-10-06T18:46:40+00:00,CC BY 4.0
CRI,IT.NET.USER.ZS,2022,82.59801121,% of population,https://api.worldbank.org/v2/country/PAN;CRI;COL;DOM;MEX;GTM/indicator/IT.NET.USER.ZS,2026-10-06T18:46:40+00:00,CC BY 4.0
CRI,IT.NET.USER.ZS,2023,85.39514799,% of population,https://api.worldbank.org/v2/country/PAN;CRI;COL;DOM;MEX;GTM/indicator/IT.NET.USER.ZS,2026-10-06T18:46:40+00:00,CC BY 4.0
CRI,IT.NET.USER.ZS,2024,87.17019653,% of population,https://api.worldbank.org/v2/country/PAN;CRI;COL;DOM;MEX;GTM/indicator/IT.NET.USER.ZS,2026-10-06T18:46:40+00:00,CC BY 4.0
CRI,NE.EXP.GNFS.ZS,2010,32.8294112720049,% of GDP,https://api.worldbank.org/v2/country/PAN;CRI;COL;DOM;MEX;GTM/indicator/NE.EXP.GNFS.ZS,2026-10-06T18:46:40+00:00,CC BY 4.0
CRI,NE.EXP.GNFS.ZS,2011,32.4724707460503,% of GDP,https://api.worldbank.org/v2/country/PAN;CRI;COL;DOM;MEX;GTM/indicator/NE.EXP.GNFS.ZS,2026-10-06T18:46:40+00:00,CC BY 4.0
CRI,NE.EXP.GNFS.ZS,2012,31.6513172644756,% of GDP,https://api.worldbank.org/v2/country/PAN;CRI;COL;DOM;MEX;GTM/indicator/NE.EXP.GNFS.ZS,2026-10-06T18:46:40+00:00,CC BY 4.0
CRI,NE.EXP.GNFS.ZS,2013,30.5916494074101,% of GDP,https://api.worldbank.org/v2/country/PAN;CRI;COL;DOM;MEX;GTM/indicator/NE.EXP.GNFS.ZS,2026-10-06T18:46:40+00:00,CC BY 4.0
CRI,NE.EXP.GNFS.ZS,2014,31.362915449766,% of GDP,https://api.worldbank.org/v2/country/PAN;CRI;COL;DOM;MEX;GTM/indicator/NE.EXP.GNFS.ZS,2026-10-06T18:46:40+00:00,CC BY 4.0
CRI,NE.EXP.GNFS.ZS,2015,29.9956579824958,% of GDP,https://api.worldbank.org/v2/country/PAN;CRI;COL;DOM;MEX;GTM/indicator/NE.EXP.GNFS.ZS,2026-10-06T18:46:40+00:00,CC BY 4.0
CRI,NE.EXP.GNFS.ZS,2016,31.2600961080703,% of GDP,https://api.worldbank.org/v2/country/PAN;CRI;COL;DOM;MEX;GTM/indicator/NE.EXP.GNFS.ZS,2026-10-06T18:46:40+00:00,CC BY 4.0
CRI,NE.EXP.GNFS.ZS,2017,32.7626831133763,% of GDP,https://api.worldbank.org/v2/country/PAN;CRI;COL;DOM;MEX;GTM/indicator/NE.EXP.GNFS.ZS,2026-10-06T18:46:40+00:00,CC BY 4.0
CRI,NE.EXP.GNFS.ZS,2018,33.6589195458941,% of GDP,https://api.worldbank.org/v2/country/PAN;CRI;COL;DOM;MEX;GTM/indicator/NE.EXP.GNFS.ZS,2026-10-06T18:46:40+00:00,CC BY 4.0
CRI,NE.EXP.GNFS.ZS,2019,34.1472985859666,% of GDP,https://api.worldbank.org/v2/country/PAN;CRI;COL;DOM;MEX;GTM/indicator/NE.EXP.GNFS.ZS,2026-10-06T18:46:40+00:00,CC BY 4.0
CRI,NE.EXP.GNFS.ZS,2020,31.6977144131717,% of GDP,https://api.worldbank.org/v2/country/PAN;CRI;COL;DOM;MEX;GTM/indicator/NE.EXP.GNFS.ZS,2026-10-06T18:46:40+00:00,CC BY 4.0
CRI,NE.EXP.GNFS.ZS,2021,35.8298587276824,% of GDP,https://api.worldbank.org/v2/country/PAN;CRI;COL;DOM;MEX;GTM/indicator/NE.EXP.GNFS.ZS,2026-10-06T18:46:40+00:00,CC BY 4.0
CRI,NE.EXP.GNFS.ZS,2022,40.5888104743828,% of GDP,https://api.worldbank.org/v2/country/PAN;CRI;COL;DOM;MEX;GTM/indicator/NE.EXP.GNFS.ZS,2026-10-06T18:46:40+00:00,CC BY 4.0
CRI,NE.EXP.GNFS.ZS,2023,38.0957487081207,% of GDP,https://api.worldbank.org/v2/country/PAN;CRI;COL;DOM;MEX;GTM/indicator/NE.EXP.GNFS.ZS,2026-10-06T18:46:40+00:00,CC BY 4.0
CRI,NE.EXP.GNFS.ZS,2024,37.5298397915012,% of GDP,https://api.worldbank.org/v2/country/PAN;CRI;COL;DOM;MEX;GTM/indicator/NE.EXP.GNFS.ZS,2026-10-06T18:46:40+00:00,CC BY 4.0
COL,NY.GDP.MKTP.KD.ZG,2010,4.49465897070922,annual %,https://api.worldbank.org/v2/country/PAN;CRI;COL;DOM;MEX;GTM/indicator/NY.GDP.MKTP.KD.ZG,2026-10-06T18:46:40+00:00,CC BY 4.0
COL,NY.GDP.MKTP.KD.ZG,2011,6.94789198173555,annual %,https://api.worldbank.org/v2/country/PAN;CRI;COL;DOM;MEX;GTM/indicator/NY.GDP.MKTP.KD.ZG,2026-10-06T18:46:40+00:00,CC BY 4.0
COL,NY.GDP.MKTP.KD.ZG,2012,3.91263576716115,annual %,https://api.worldbank.org/v2/country/PAN;CRI;COL;DOM;MEX;GTM/indicator/NY.GDP.MKTP.KD.ZG,2026-10-06T18:46:40+00:00,CC BY 4.0
COL,NY.GDP.MKTP.KD.ZG,2013,5.13399351995672,annual %,https://api.worldbank.org/v2/country/PAN;CRI;COL;DOM;MEX;GTM/indicator/NY.GDP.MKTP.KD.ZG,2026-10-06T18:46:40+00:00,CC BY 4.0
COL,NY.GDP.MKTP.KD.ZG,2014,4.49903000110972,annual %,https://api.worldbank.org/v2/country/PAN;CRI;COL;DOM;MEX;GTM/indicator/NY.GDP.MKTP.KD.ZG,2026-10-06T18:46:40+00:00,CC BY 4.0
COL,NY.GDP.MKTP.KD.ZG,2015,2.95590137527523,annual %,https://api.worldbank.org/v2/country/PAN;CRI;COL;DOM;MEX;GTM/indicator/NY.GDP.MKTP.KD.ZG,2026-10-06T18:46:40+00:00,CC BY 4.0
COL,NY.GDP.MKTP.KD.ZG,2016,2.08738250162794,annual %,https://api.worldbank.org/v2/country/PAN;CRI;COL;DOM;MEX;GTM/indicator/NY.GDP.MKTP.KD.ZG,2026-10-06T18:46:40+00:00,CC BY 4.0
COL,NY.GDP.MKTP.KD.ZG,2017,1.35936086788746,annual %,https://api.worldbank.org/v2/country/PAN;CRI;COL;DOM;MEX;GTM/indicator/NY.GDP.MKTP.KD.ZG,2026-10-06T18:46:40+00:00,CC BY 4.0
COL,NY.GDP.MKTP.KD.ZG,2018,2.56432428277704,annual %,https://api.worldbank.org/v2/country/PAN;CRI;COL;DOM;MEX;GTM/indicator/NY.GDP.MKTP.KD.ZG,2026-10-06T18:46:40+00:00,CC BY 4.0
COL,NY.GDP.MKTP.KD.ZG,2019,3.18685539245533,annual %,https://api.worldbank.org/v2/country/PAN;CRI;COL;DOM;MEX;GTM/indicator/NY.GDP.MKTP.KD.ZG,2026-10-06T18:46:40+00:00,CC BY 4.0
COL,NY.GDP.MKTP.KD.ZG,2020,-7.18591413760859,annual %,https://api.worldbank.org/v2/country/PAN;CRI;COL;DOM;MEX;GTM/indicator/NY.GDP.MKTP.KD.ZG,2026-10-06T18:46:40+00:00,CC BY 4.0
COL,NY.GDP.MKTP.KD.ZG,2021,10.8011981904878,annual %,https://api.worldbank.org/v2/country/PAN;CRI;COL;DOM;MEX;GTM/indicator/NY.GDP.MKTP.KD.ZG,2026-10-06T18:46:40+00:00,CC BY 4.0
COL,NY.GDP.MKTP.KD.ZG,2022,7.32827729427979,annual %,https://api.worldbank.org/v2/country/PAN;CRI;COL;DOM;MEX;GTM/indicator/NY.GDP.MKTP.KD.ZG,2026-10-06T18:46:40+00:00,CC BY 4.0
COL,NY.GDP.MKTP.KD.ZG,2023,0.841819555752039,annual %,https://api.worldbank.org/v2/country/PAN;CRI;COL;DOM;MEX;GTM/indicator/NY.GDP.MKTP.KD.ZG,2026-10-06T18:46:40+00:00,CC BY 4.0
COL,NY.GDP.MKTP.KD.ZG,2024,1.49330728771066,annual %,https://api.worldbank.org/v2/country/PAN;CRI;COL;DOM;MEX;GTM/indicator/NY.GDP.MKTP.KD.ZG,2026-10-06T18:46:40+00:00,CC BY 4.0
COL,FP.CPI.TOTL.ZG,2010,2.27200227892008,annual %,https://api.worldbank.org/v2/country/PAN;CRI;COL;DOM;MEX;GTM/indicator/FP.CPI.TOTL.ZG,2026-10-06T18:46:40+00:00,CC BY 4.0
COL,FP.CPI.TOTL.ZG,2011,3.4150334477625,annual %,https://api.worldbank.org/v2/country/PAN;CRI;COL;DOM;MEX;GTM/indicator/FP.CPI.TOTL.ZG,2026-10-06T18:46:40+00:00,CC BY 4.0
COL,FP.CPI.TOTL.ZG,2012,3.16930188840055,annual %,https://api.worldbank.org/v2/country/PAN;CRI;COL;DOM;MEX;GTM/indicator/FP.CPI.TOTL.ZG,2026-10-06T18:46:40+00:00,CC BY 4.0
COL,FP.CPI.TOTL.ZG,2013,2.01699224310383,annual %,https://api.worldbank.org/v2/country/PAN;CRI;COL;DOM;MEX;GTM/indicator/FP.CPI.TOTL.ZG,2026-10-06T18:46:40+00:00,CC BY 4.0
COL,FP.CPI.TOTL.ZG,2014,2.89883787761738,annual %,https://api.worldbank.org/v2/country/PAN;CRI;COL;DOM;MEX;GTM/indicator/FP.CPI.TOTL.ZG,2026-10-06T18:46:40+00:00,CC BY 4.0
COL,FP.CPI.TOTL.ZG,2015,4.9898311584953,annual %,https://api.worldbank.org/v2/country/PAN;CRI;COL;DOM;MEX;GTM/indicator/FP.CPI.TOTL.ZG,2026-10-06T18:46:40+00:00,CC BY 4.0
COL,FP.CPI.TOTL.ZG,2016,7.51346024627675,annual %,https://api.worldbank.org/v2/country/PAN;CRI;COL;DOM;MEX;GTM/indicator/FP.CPI.TOTL.ZG,2026-10-06T18:46:40+00:00,CC BY 4.0
COL,FP.CPI.TOTL.ZG,2017,4.31431325695011,annual %,https://api.worldbank.org/v2/country/PAN;CRI;COL;DOM;MEX;GTM/indicator/FP.CPI.TOTL.ZG,2026-10-06T18:46:40+00:00,CC BY 4.0
COL,FP.CPI.TOTL.ZG,2018,3.24056932930569,annual %,https://api.worldbank.org/v2/country/PAN;CRI;COL;DOM;MEX;GTM/indicator/FP.CPI.TOTL.ZG,2026-10-06T18:46:40+00:00,CC BY 4.0
COL,FP.CPI.TOTL.ZG,2019,3.52301932741447,annual %,https://api.worldbank.org/v2/country/PAN;CRI;COL;DOM;MEX;GTM/indicator/FP.CPI.TOTL.ZG,2026-10-06T18:46:40+00:00,CC BY 4.0
COL,FP.CPI.TOTL.ZG,2020,2.52663500084706,annual %,https://api.worldbank.org/v2/country/PAN;CRI;COL;DOM;MEX;GTM/indicator/FP.CPI.TOTL.ZG,2026-10-06T18:46:40+00:00,CC BY 4.0
COL,FP.CPI.TOTL.ZG,2021,3.49505757399448,annual %,https://api.worldbank.org/v2/country/PAN;CRI;COL;DOM;MEX;GTM/indicator/FP.CPI.TOTL.ZG,2026-10-06T18:46:40+00:00,CC BY 4.0
COL,FP.CPI.TOTL.ZG,2022,10.1772313546166,annual %,https://api.worldbank.org/v2/country/PAN;CRI;COL;DOM;MEX;GTM/indicator/FP.CPI.TOTL.ZG,2026-10-06T18:46:40+00:00,CC BY 4.0
COL,FP.CPI.TOTL.ZG,2023,11.7359044948689,annual %,https://api.worldbank.org/v2/country/PAN;CRI;COL;DOM;MEX;GTM/indicator/FP.CPI.TOTL.ZG,2026-10-06T18:46:40+00:00,CC BY 4.0
COL,FP.CPI.TOTL.ZG,2024,6.60908593728228,annual %,https://api.worldbank.org/v2/country/PAN;CRI;COL;DOM;MEX;GTM/indicator/FP.CPI.TOTL.ZG,2026-10-06T18:46:40+00:00,CC BY 4.0
COL,SL.UEM.TOTL.ZS,2010,11.153,modeled ILO estimate,https://api.worldbank.org/v2/country/PAN;CRI;COL;DOM;MEX;GTM/indicator/SL.UEM.TOTL.ZS,2026-10-06T18:46:40+00:00,CC BY 4.0
COL,SL.UEM.TOTL.ZS,2011,10.288,modeled ILO estimate,https://api.worldbank.org/v2/country/PAN;CRI;COL;DOM;MEX;GTM/indicator/SL.UEM.TOTL.ZS,2026-10-06T18:46:40+00:00,CC BY 4.0
COL,SL.UEM.TOTL.ZS,2012,9.959,modeled ILO estimate,https://api.worldbank.org/v2/country/PAN;CRI;COL;DOM;MEX;GTM/indicator/SL.UEM.TOTL.ZS,2026-10-06T18:46:40+00:00,CC BY 4.0
COL,SL.UEM.TOTL.ZS,2013,9.246,modeled ILO estimate,https://api.worldbank.org/v2/country/PAN;CRI;COL;DOM;MEX;GTM/indicator/SL.UEM.TOTL.ZS,2026-10-06T18:46:40+00:00,CC BY 4.0
COL,SL.UEM.TOTL.ZS,2014,8.799,modeled ILO estimate,https://api.worldbank.org/v2/country/PAN;CRI;COL;DOM;MEX;GTM/indicator/SL.UEM.TOTL.ZS,2026-10-06T18:46:40+00:00,CC BY 4.0
COL,SL.UEM.TOTL.ZS,2015,8.572,modeled ILO estimate,https://api.worldbank.org/v2/country/PAN;CRI;COL;DOM;MEX;GTM/indicator/SL.UEM.TOTL.ZS,2026-10-06T18:46:40+00:00,CC BY 4.0
COL,SL.UEM.TOTL.ZS,2016,8.922,modeled ILO estimate,https://api.worldbank.org/v2/country/PAN;CRI;COL;DOM;MEX;GTM/indicator/SL.UEM.TOTL.ZS,2026-10-06T18:46:40+00:00,CC BY 4.0
COL,SL.UEM.TOTL.ZS,2017,9.086,modeled ILO estimate,https://api.worldbank.org/v2/country/PAN;CRI;COL;DOM;MEX;GTM/indicator/SL.UEM.TOTL.ZS,2026-10-06T18:46:40+00:00,CC BY 4.0
COL,SL.UEM.TOTL.ZS,2018,9.36,modeled ILO estimate,https://api.worldbank.org/v2/country/PAN;CRI;COL;DOM;MEX;GTM/indicator/SL.UEM.TOTL.ZS,2026-10-06T18:46:40+00:00,CC BY 4.0
COL,SL.UEM.TOTL.ZS,2019,10.28,modeled ILO estimate,https://api.worldbank.org/v2/country/PAN;CRI;COL;DOM;MEX;GTM/indicator/SL.UEM.TOTL.ZS,2026-10-06T18:46:40+00:00,CC BY 4.0
COL,SL.UEM.TOTL.ZS,2020,15.983,modeled ILO estimate,https://api.worldbank.org/v2/country/PAN;CRI;COL;DOM;MEX;GTM/indicator/SL.UEM.TOTL.ZS,2026-10-06T18:46:40+00:00,CC BY 4.0
COL,SL.UEM.TOTL.ZS,2021,13.898,modeled ILO estimate,https://api.worldbank.org/v2/country/PAN;CRI;COL;DOM;MEX;GTM/indicator/SL.UEM.TOTL.ZS,2026-10-06T18:46:40+00:00,CC BY 4.0
COL,SL.UEM.TOTL.ZS,2022,10.541,modeled ILO estimate,https://api.worldbank.org/v2/country/PAN;CRI;COL;DOM;MEX;GTM/indicator/SL.UEM.TOTL.ZS,2026-10-06T18:46:40+00:00,CC BY 4.0
COL,SL.UEM.TOTL.ZS,2023,9.591,modeled ILO estimate,https://api.worldbank.org/v2/country/PAN;CRI;COL;DOM;MEX;GTM/indicator/SL.UEM.TOTL.ZS,2026-10-06T18:46:40+00:00,CC BY 4.0
COL,SL.UEM.TOTL.ZS,2024,9.619,modeled ILO estimate,https://api.worldbank.org/v2/country/PAN;CRI;COL;DOM;MEX;GTM/indicator/SL.UEM.TOTL.ZS,2026-10-06T18:46:40+00:00,CC BY 4.0
COL,SP.POP.TOTL,2010,44777319.0,,https://api.worldbank.org/v2/country/PAN;CRI;COL;DOM;MEX;GTM/indicator/SP.POP.TOTL,2026-10-06T18:46:40+00:00,CC BY 4.0
COL,SP.POP.TOTL,2011,45259614.0,,https://api.worldbank.org/v2/country/PAN;CRI;COL;DOM;MEX;GTM/indicator/SP.POP.TOTL,2026-10-06T18:46:40+00:00,CC BY 4.0
COL,SP.POP.TOTL,2012,45715810.0,,https://api.worldbank.org/v2/country/PAN;CRI;COL;DOM;MEX;GTM/indicator/SP.POP.TOTL,2026-10-06T18:46:40+00:00,CC BY 4.0
COL,SP.POP.TOTL,2013,46151584.0,,https://api.worldbank.org/v2/country/PAN;CRI;COL;DOM;MEX;GTM/indicator/SP.POP.TOTL,2026-10-06T18:46:40+00:00,CC BY 4.0
COL,SP.POP.TOTL,2014,46565429.0,,https://api.worldbank.org/v2/country/PAN;CRI;COL;DOM;MEX;GTM/indicator/SP.POP.TOTL,2026-10-06T18:46:40+00:00,CC BY 4.0
COL,SP.POP.TOTL,2015,46969940.0,,https://api.worldbank.org/v2/country/PAN;CRI;COL;DOM;MEX;GTM/indicator/SP.POP.TOTL,2026-10-06T18:46:40+00:00,CC BY 4.0
COL,SP.POP.TOTL,2016,47437512.0,,https://api.worldbank.org/v2/country/PAN;CRI;COL;DOM;MEX;GTM/indicator/SP.POP.TOTL,2026-10-06T18:46:40+00:00,CC BY 4.0
COL,SP.POP.TOTL,2017,48131078.0,,https://api.worldbank.org/v2/country/PAN;CRI;COL;DOM;MEX;GTM/indicator/SP.POP.TOTL,2026-10-06T18:46:40+00:00,CC BY 4.0
COL,SP.POP.TOTL,2018,49024465.0,,https://api.worldbank.org/v2/country/PAN;CRI;COL;DOM;MEX;GTM/indicator/SP.POP.TOTL,2026-10-06T18:46:40+00:00,CC BY 4.0
COL,SP.POP.TOTL,2019,49907985.0,,https://api.worldbank.org/v2/country/PAN;CRI;COL;DOM;MEX;GTM/indicator/SP.POP.TOTL,2026-10-06T18:46:40+00:00,CC BY 4.0
COL,SP.POP.TOTL,2020,50629997.0,,https://api.worldbank.org/v2/country/PAN;CRI;COL;DOM;MEX;GTM/indicator/SP.POP.TOTL,2026-10-06T18:46:40+00:00,CC BY 4.0
COL,SP.POP.TOTL,2021,51188173.0,,https://api.worldbank.org/v2/country/PAN;CRI;COL;DOM;MEX;GTM/indicator/SP.POP.TOTL,2026-10-06T18:46:40+00:00,CC BY 4.0
COL,SP.POP.TOTL,2022,51737944.0,,https://api.worldbank.org/v2/country/PAN;CRI;COL;DOM;MEX;GTM/indicator/SP.POP.TOTL,2026-10-06T18:46:40+00:00,CC BY 4.0
COL,SP.POP.TOTL,2023,52321152.0,,https://api.worldbank.org/v2/country/PAN;CRI;COL;DOM;MEX;GTM/indicator/SP.POP.TOTL,2026-10-06T18:46:40+00:00,CC BY 4.0
COL,SP.POP.TOTL,2024,52886363.0,,https://api.worldbank.org/v2/country/PAN;CRI;COL;DOM;MEX;GTM/indicator/SP.POP.TOTL,2026-10-06T18:46:40+00:00,CC BY 4.0
COL,IT.NET.USER.ZS,2010,36.5,% of population,https://api.worldbank.org/v2/country/PAN;CRI;COL;DOM;MEX;GTM/indicator/IT.NET.USER.ZS,2026-10-06T18:46:40+00:00,CC BY 4.0
COL,IT.NET.USER.ZS,2011,40.3509157546318,% of population,https://api.worldbank.org/v2/country/PAN;CRI;COL;DOM;MEX;GTM/indicator/IT.NET.USER.ZS,2026-10-06T18:46:40+00:00,CC BY 4.0
COL,IT.NET.USER.ZS,2012,48.98,% of population,https://api.worldbank.org/v2/country/PAN;CRI;COL;DOM;MEX;GTM/indicator/IT.NET.USER.ZS,2026-10-06T18:46:40+00:00,CC BY 4.0
COL,IT.NET.USER.ZS,2013,51.7,% of population,https://api.worldbank.org/v2/country/PAN;CRI;COL;DOM;MEX;GTM/indicator/IT.NET.USER.ZS,2026-10-06T18:46:40+00:00,CC BY 4.0
COL,IT.NET.USER.ZS,2014,52.568136539247,% of population,https://api.worldbank.org/v2/country/PAN;CRI;COL;DOM;MEX;GTM/indicator/IT.NET.USER.ZS,2026-10-06T18:46:40+00:00,CC BY 4.0
COL,IT.NET.USER.ZS,2015,55.9049725142924,% of population,https://api.worldbank.org/v2/country/PAN;CRI;COL;DOM;MEX;GTM/indicator/IT.NET.USER.ZS,2026-10-06T18:46:40+00:00,CC BY 4.0
COL,IT.NET.USER.ZS,2016,58.1364935728703,% of population,https://api.worldbank.org/v2/country/PAN;CRI;COL;DOM;MEX;GTM/indicator/IT.NET.USER.ZS,2026-10-06T18:46:40+00:00,CC BY 4.0
COL,IT.NET.USER.ZS,2017,62.2598803162841,% of population,https://api.worldbank.org/v2/country/PAN;CRI;COL;DOM;MEX;GTM/indicator/IT.NET.USER.ZS,2026-10-06T18:46:40+00:00,CC BY 4.0
COL,IT.NET.USER.ZS,2018,64.1263768204459,% of population,https://api.worldbank.org/v2/country/PAN;CRI;COL;DOM;MEX;GTM/indicator/IT.NET.USER.ZS,2026-10-06T18:46:40+00:00,CC BY 4.0
COL,IT.NET.USER.ZS,2019,65.0069007159493,% of population,https://api.worldbank.org/v2/country/PAN;CRI;COL;DOM;MEX;GTM/indicator/IT.NET.USER.ZS,2026-10-06T18:46:40+00:00,CC BY 4.0
COL,IT.NET.USER.ZS,2020,69.79533474,% of population,https://api.worldbank.org/v2/country/PAN;CRI;COL;DOM;MEX;GTM/indicator/IT.NET.USER.ZS,2026-10-06T18:46:40+00:00,CC BY 4.0
COL,IT.NET.USER.ZS,2021,73.02837449,% of population,https://api.worldbank.org/v2/country/PAN;CRI;COL;DOM;MEX;GTM/indicator/IT.NET.USER.ZS,2026-10-06T18:46:40+00:00,CC BY 4.0
COL,IT.NET.USER.ZS,2022,72.79637855,% of population,https://api.worldbank.org/v2/country/PAN;CRI;COL;DOM;MEX;GTM/indicator/IT.NET.USER.ZS,2026-10-06T18:46:40+00:00,CC BY 4.0
COL,IT.NET.USER.ZS,2023,77.33686322,% of population,https://api.worldbank.org/v2/country/PAN;CRI;COL;DOM;MEX;GTM/indicator/IT.NET.USER.ZS,2026-10-06T18:46:40+00:00,CC BY 4.0
COL,IT.NET.USER.ZS,2024,79.34543299,% of population,https://api.worldbank.org/v2/country/PAN;CRI;COL;DOM;MEX;GTM/indicator/IT.NET.USER.ZS,2026-10-06T18:46:40+00:00,CC BY 4.0
COL,NE.EXP.GNFS.ZS,2010,16.3408447597691,% of GDP,https://api.worldbank.org/v2/country/PAN;CRI;COL;DOM;MEX;GTM/indicator/NE.EXP.GNFS.ZS,2026-10-06T18:46:40+00:00,CC BY 4.0
COL,NE.EXP.GNFS.ZS,2011,19.2765050733171,% of GDP,https://api.worldbank.org/v2/country/PAN;CRI;COL;DOM;MEX;GTM/indicator/NE.EXP.GNFS.ZS,2026-10-06T18:46:40+00:00,CC BY 4.0
COL,NE.EXP.GNFS.ZS,2012,18.8112052836654,% of GDP,https://api.worldbank.org/v2/country/PAN;CRI;COL;DOM;MEX;GTM/indicator/NE.EXP.GNFS.ZS,2026-10-06T18:46:40+00:00,CC BY 4.0
COL,NE.EXP.GNFS.ZS,2013,18.0864397214368,% of GDP,https://api.worldbank.org/v2/country/PAN;CRI;COL;DOM;MEX;GTM/indicator/NE.EXP.GNFS.ZS,2026-10-06T18:46:40+00:00,CC BY 4.0
COL,NE.EXP.GNFS.ZS,2014,16.6347491096509,% of GDP,https://api.worldbank.org/v2/country/PAN;CRI;COL;DOM;MEX;GTM/indicator/NE.EXP.GNFS.ZS,2026-10-06T18:46:40+00:00,CC BY 4.0
COL,NE.EXP.GNFS.ZS,2015,15.6502115094968,% of GDP,https://api.worldbank.org/v2/country/PAN;CRI;COL;DOM;MEX;GTM/indicator/NE.EXP.GNFS.ZS,2026-10-06T18:46:40+00:00,CC BY 4.0
COL,NE.EXP.GNFS.ZS,2016,14.7171392781975,% of GDP,https://api.worldbank.org/v2/country/PAN;CRI;COL;DOM;MEX;GTM/indicator/NE.EXP.GNFS.ZS,2026-10-06T18:46:40+00:00,CC BY 4.0
COL,NE.EXP.GNFS.ZS,2017,15.1452897484005,% of GDP,https://api.worldbank.org/v2/country/PAN;CRI;COL;DOM;MEX;GTM/indicator/NE.EXP.GNFS.ZS,2026-10-06T18:46:40+00:00,CC BY 4.0
COL,NE.EXP.GNFS.ZS,2018,15.8997196775431,% of GDP,https://api.worldbank.org/v2/country/PAN;CRI;COL;DOM;MEX;GTM/indicator/NE.EXP.GNFS.ZS,2026-10-06T18:46:40+00:00,CC BY 4.0
COL,NE.EXP.GNFS.ZS,2019,15.8680386541241,% of GDP,https://api.worldbank.org/v2/country/PAN;CRI;COL;DOM;MEX;GTM/indicator/NE.EXP.GNFS.ZS,2026-10-06T18:46:40+00:00,CC BY 4.0
COL,NE.EXP.GNFS.ZS,2020,13.5222755593302,% of GDP,https://api.worldbank.org/v2/country/PAN;CRI;COL;DOM;MEX;GTM/indicator/NE.EXP.GNFS.ZS,2026-10-06T18:46:40+00:00,CC BY 4.0
COL,NE.EXP.GNFS.ZS,2021,16.1970059548864,% of GDP,https://api.worldbank.org/v2/country/PAN;CRI;COL;DOM;MEX;GTM/indicator/NE.EXP.GNFS.ZS,2026-10-06T18:46:40+00:00,CC BY 4.0
COL,NE.EXP.GNFS.ZS,2022,20.3883679938331,% of GDP,https://api.worldbank.org/v2/country/PAN;CRI;COL;DOM;MEX;GTM/indicator/NE.EXP.GNFS.ZS,2026-10-06T18:46:40+00:00,CC BY 4.0
COL,NE.EXP.GNFS.ZS,2023,17.8077746975806,% of GDP,https://api.worldbank.org/v2/country/PAN;CRI;COL;DOM;MEX;GTM/indicator/NE.EXP.GNFS.ZS,2026-10-06T18:46:40+00:00,CC BY 4.0
COL,NE.EXP.GNFS.ZS,2024,16.0804545104347,% of GDP,https://api.worldbank.org/v2/country/PAN;CRI;COL;DOM;MEX;GTM/indicator/NE.EXP.GNFS.ZS,2026-10-06T18:46:40+00:00,CC BY 4.0
DOM,NY.GDP.MKTP.KD.ZG,2010,8.40114541209596,annual %,https://api.worldbank.org/v2/country/PAN;CRI;COL;DOM;MEX;GTM/indicator/NY.GDP.MKTP.KD.ZG,2026-10-06T18:46:40+00:00,CC BY 4.0
DOM,NY.GDP.MKTP.KD.ZG,2011,3.19196227475523,annual %,https://api.worldbank.org/v2/country/PAN;CRI;COL;DOM;MEX;GTM/indicator/NY.GDP.MKTP.KD.ZG,2026-10-06T18:46:40+00:00,CC BY 4.0
DOM,NY.GDP.MKTP.KD.ZG,2012,2.77567100848816,annual %,https://api.worldbank.org/v2/country/PAN;CRI;COL;DOM;MEX;GTM/indicator/NY.GDP.MKTP.KD.ZG,2026-10-06T18:46:40+00:00,CC BY 4.0
DOM,NY.GDP.MKTP.KD.ZG,2013,4.93473300709881,annual %,https://api.worldbank.org/v2/country/PAN;CRI;COL;DOM;MEX;GTM/indicator/NY.GDP.MKTP.KD.ZG,2026-10-06T18:46:40+00:00,CC BY 4.0
DOM,NY.GDP.MKTP.KD.ZG,2014,7.11122629673892,annual %,https://api.worldbank.org/v2/country/PAN;CRI;COL;DOM;MEX;GTM/indicator/NY.GDP.MKTP.KD.ZG,2026-10-06T18:46:40+00:00,CC BY 4.0
DOM,NY.GDP.MKTP.KD.ZG,2015,6.98771131236387,annual %,https://api.worldbank.org/v2/country/PAN;CRI;COL;DOM;MEX;GTM/indicator/NY.GDP.MKTP.KD.ZG,2026-10-06T18:46:40+00:00,CC BY 4.0
DOM,NY.GDP.MKTP.KD.ZG,2016,6.71974078681295,annual %,https://api.worldbank.org/v2/country/PAN;CRI;COL;DOM;MEX;GTM/indicator/NY.GDP.MKTP.KD.ZG,2026-10-06T18:46:40+00:00,CC BY 4.0
DOM,NY.GDP.MKTP.KD.ZG,2017,3.93386176401576,annual %,https://api.worldbank.org/v2/country/PAN;CRI;COL;DOM;MEX;GTM/indicator/NY.GDP.MKTP.KD.ZG,2026-10-06T18:46:40+00:00,CC BY 4.0
DOM,NY.GDP.MKTP.KD.ZG,2018,7.09751640210159,annual %,https://api.worldbank.org/v2/country/PAN;CRI;COL;DOM;MEX;GTM/indicator/NY.GDP.MKTP.KD.ZG,2026-10-06T18:46:40+00:00,CC BY 4.0
DOM,NY.GDP.MKTP.KD.ZG,2019,4.8940301149584,annual %,https://api.worldbank.org/v2/country/PAN;CRI;COL;DOM;MEX;GTM/indicator/NY.GDP.MKTP.KD.ZG,2026-10-06T18:46:40+00:00,CC BY 4.0
DOM,NY.GDP.MKTP.KD.ZG,2020,-7.92905234231061,annual %,https://api.worldbank.org/v2/country/PAN;CRI;COL;DOM;MEX;GTM/indicator/NY.GDP.MKTP.KD.ZG,2026-10-06T18:46:40+00:00,CC BY 4.0
DOM,NY.GDP.MKTP.KD.ZG,2021,14.0124289062207,annual %,https://api.worldbank.org/v2/country/PAN;CRI;COL;DOM;MEX;GTM/indicator/NY.GDP.MKTP.KD.ZG,2026-10-06T18:46:40+00:00,CC BY 4.0
DOM,NY.GDP.MKTP.KD.ZG,2022,5.23795652902595,annual %,https://api.worldbank.org/v2/country/PAN;CRI;COL;DOM;MEX;GTM/indicator/NY.GDP.MKTP.KD.ZG,2026-10-06T18:46:40+00:00,CC BY 4.0
DOM,NY.GDP.MKTP.KD.ZG,2023,2.19229848237939,annual %,https://api.worldbank.org/v2/country/PAN;CRI;COL;DOM;MEX;GTM/indicator/NY.GDP.MKTP.KD.ZG,2026-10-06T18:46:40+00:00,CC BY 4.0
DOM,NY.GDP.MKTP.KD.ZG,2024,4.95352204492849,annual %,https://api.worldbank.org/v2/country/PAN;CRI;COL;DOM;MEX;GTM/indicator/NY.GDP.MKTP.KD.ZG,2026-10-06T18:46:40+00:00,CC BY 4.0
DOM,FP.CPI.TOTL.ZG,2010,6.32993220146146,annual %,https://api.worldbank.org/v2/country/PAN;CRI;COL;DOM;MEX;GTM/indicator/FP.CPI.TOTL.ZG,2026-10-06T18:46:40+00:00,CC BY 4.0
DOM,FP.CPI.TOTL.ZG,2011,5.79676809206533,annual %,https://api.worldbank.org/v2/country/PAN;CRI;COL;DOM;MEX;GTM/indicator/FP.CPI.TOTL.ZG,2026-10-06T18:46:40+00:00,CC BY 4.0
DOM,FP.CPI.TOTL.ZG,2012,3.69449707884777,annual %,https://api.worldbank.org/v2/country/PAN;CRI;COL;DOM;MEX;GTM/indicator/FP.CPI.TOTL.ZG,2026-10-06T18:46:40+00:00,CC BY 4.0
DOM,FP.CPI.TOTL.ZG,2013,4.830950967408,annual %,https://api.worldbank.org/v2/country/PAN;CRI;COL;DOM;MEX;GTM/indicator/FP.CPI.TOTL.ZG,2026-10-06T18:46:40+00:00,CC BY 4.0
DOM,FP.CPI.TOTL.ZG,2014,2.99864226125219,annual %,https://api.worldbank.org/v2/country/PAN;CRI;COL;DOM;MEX;GTM/indicator/FP.CPI.TOTL.ZG,2026-10-06T18:46:40+00:00,CC BY 4.0
DOM,FP.CPI.TOTL.ZG,2015,0.836746346724557,annual %,https://api.worldbank.org/v2/country/PAN;CRI;COL;DOM;MEX;GTM/indicator/FP.CPI.TOTL.ZG,2026-10-06T18:46:40+00:00,CC BY 4.0
DOM,FP.CPI.TOTL.ZG,2016,1.61416607245223,annual %,https://api.worldbank.org/v2/country/PAN;CRI;COL;DOM;MEX;GTM/indicator/FP.CPI.TOTL.ZG,2026-10-06T18:46:40+00:00,CC BY 4.0
DOM,FP.CPI.TOTL.ZG,2017,3.27955694678546,annual %,https://api.worldbank.org/v2/country/PAN;CRI;COL;DOM;MEX;GTM/indicator/FP.CPI.TOTL.ZG,2026-10-06T18:46:40+00:00,CC BY 4.0
DOM,FP.CPI.TOTL.ZG,2018,3.56443426013508,annual %,https://api.worldbank.org/v2/country/PAN;CRI;COL;DOM;MEX;GTM/indicator/FP.CPI.TOTL.ZG,2026-10-06T18:46:40+00:00,CC BY 4.0
DOM,FP.CPI.TOTL.ZG,2019,1.81060377042959,annual %,https://api.worldbank.org/v2/country/PAN;CRI;COL;DOM;MEX;GTM/indicator/FP.CPI.TOTL.ZG,2026-10-06T18:46:40+00:00,CC BY 4.0
DOM,FP.CPI.TOTL.ZG,2020,3.78103179915517,annual %,https://api.worldbank.org/v2/country/PAN;CRI;COL;DOM;MEX;GTM/indicator/FP.CPI.TOTL.ZG,2026-10-06T18:46:40+00:00,CC BY 4.0
DOM,FP.CPI.TOTL.ZG,2021,8.24300347981809,annual %,https://api.worldbank.org/v2/country/PAN;CRI;COL;DOM;MEX;GTM/indicator/FP.CPI.TOTL.ZG,2026-10-06T18:46:40+00:00,CC BY 4.0
DOM,FP.CPI.TOTL.ZG,2022,8.81109209279587,annual %,https://api.worldbank.org/v2/country/PAN;CRI;COL;DOM;MEX;GTM/indicator/FP.CPI.TOTL.ZG,2026-10-06T18:46:40+00:00,CC BY 4.0
DOM,FP.CPI.TOTL.ZG,2023,4.78561281021135,annual %,https://api.worldbank.org/v2/country/PAN;CRI;COL;DOM;MEX;GTM/indicator/FP.CPI.TOTL.ZG,2026-10-06T18:46:40+00:00,CC BY 4.0
DOM,FP.CPI.TOTL.ZG,2024,3.30223338951227,annual %,https://api.worldbank.org/v2/country/PAN;CRI;COL;DOM;MEX;GTM/indicator/FP.CPI.TOTL.ZG,2026-10-06T18:46:40+00:00,CC BY 4.0
DOM,SL.UEM.TOTL.ZS,2010,5.212,modeled ILO estimate,https://api.worldbank.org/v2/country/PAN;CRI;COL;DOM;MEX;GTM/indicator/SL.UEM.TOTL.ZS,2026-10-06T18:46:40+00:00,CC BY 4.0
DOM,SL.UEM.TOTL.ZS,2011,6.087,modeled ILO estimate,https://api.worldbank.org/v2/country/PAN;CRI;COL;DOM;MEX;GTM/indicator/SL.UEM.TOTL.ZS,2026-10-06T18:46:40+00:00,CC BY 4.0
DOM,SL.UEM.TOTL.ZS,2012,6.722,modeled ILO estimate,https://api.worldbank.org/v2/country/PAN;CRI;COL;DOM;MEX;GTM/indicator/SL.UEM.TOTL.ZS,2026-10-06T18:46:40+00:00,CC BY 4.0
DOM,SL.UEM.TOTL.ZS,2013,7.351,modeled ILO estimate,https://api.worldbank.org/v2/country/PAN;CRI;COL;DOM;MEX;GTM/indicator/SL.UEM.TOTL.ZS,2026-10-06T18:46:40+00:00,CC BY 4.0
DOM,SL.UEM.TOTL.ZS,2014,6.719,modeled ILO estimate,https://api.worldbank.org/v2/country/PAN;CRI;COL;DOM;MEX;GTM/indicator/SL.UEM.TOTL.ZS,2026-10-06T18:46:40+00:00,CC BY 4.0
DOM,SL.UEM.TOTL.ZS,2015,7.605,modeled ILO estimate,https://api.worldbank.org/v2/country/PAN;CRI;COL;DOM;MEX;GTM/indicator/SL.UEM.TOTL.ZS,2026-10-06T18:46:40+00:00,CC BY 4.0
DOM,SL.UEM.TOTL.ZS,2016,7.284,modeled ILO estimate,https://api.worldbank.org/v2/country/PAN;CRI;COL;DOM;MEX;GTM/indicator/SL.UEM.TOTL.ZS,2026-10-06T18:46:40+00:00,CC BY 4.0
DOM,SL.UEM.TOTL.ZS,2017,5.832,modeled ILO estimate,https://api.worldbank.org/v2/country/PAN;CRI;COL;DOM;MEX;GTM/indicator/SL.UEM.TOTL.ZS,2026-10-06T18:46:40+00:00,CC BY 4.0
DOM,SL.UEM.TOTL.ZS,2018,5.861,modeled ILO estimate,https://api.worldbank.org/v2/country/PAN;CRI;COL;DOM;MEX;GTM/indicator/SL.UEM.TOTL.ZS,2026-10-06T18:46:40+00:00,CC BY 4.0
DOM,SL.UEM.TOTL.ZS,2019,6.356,modeled ILO estimate,https://api.worldbank.org/v2/country/PAN;CRI;COL;DOM;MEX;GTM/indicator/SL.UEM.TOTL.ZS,2026-10-06T18:46:40+00:00,CC BY 4.0
DOM,SL.UEM.TOTL.ZS,2020,6.126,modeled ILO estimate,https://api.worldbank.org/v2/country/PAN;CRI;COL;DOM;MEX;GTM/indicator/SL.UEM.TOTL.ZS,2026-10-06T18:46:40+00:00,CC BY 4.0
DOM,SL.UEM.TOTL.ZS,2021,7.702,modeled ILO estimate,https://api.worldbank.org/v2/country/PAN;CRI;COL;DOM;MEX;GTM/indicator/SL.UEM.TOTL.ZS,2026-10-06T18:46:40+00:00,CC BY 4.0
DOM,SL.UEM.TOTL.ZS,2022,5.504,modeled ILO estimate,https://api.worldbank.org/v2/country/PAN;CRI;COL;DOM;MEX;GTM/indicator/SL.UEM.TOTL.ZS,2026-10-06T18:46:40+00:00,CC BY 4.0
DOM,SL.UEM.TOTL.ZS,2023,5.555,modeled ILO estimate,https://api.worldbank.org/v2/country/PAN;CRI;COL;DOM;MEX;GTM/indicator/SL.UEM.TOTL.ZS,2026-10-06T18:46:40+00:00,CC BY 4.0
DOM,SL.UEM.TOTL.ZS,2024,5.312,modeled ILO estimate,https://api.worldbank.org/v2/country/PAN;CRI;COL;DOM;MEX;GTM/indicator/SL.UEM.TOTL.ZS,2026-10-06T18:46:40+00:00,CC BY 4.0
DOM,SP.POP.TOTL,2010,9820175.0,,https://api.worldbank.org/v2/country/PAN;CRI;COL;DOM;MEX;GTM/indicator/SP.POP.TOTL,2026-10-06T18:46:40+00:00,CC BY 4.0
DOM,SP.POP.TOTL,2011,9945621.0,,https://api.worldbank.org/v2/country/PAN;CRI;COL;DOM;MEX;GTM/indicator/SP.POP.TOTL,2026-10-06T18:46:40+00:00,CC BY 4.0
DOM,SP.POP.TOTL,2012,10070411.0,,https://api.worldbank.org/v2/country/PAN;CRI;COL;DOM;MEX;GTM/indicator/SP.POP.TOTL,2026-10-06T18:46:40+00:00,CC BY 4.0
DOM,SP.POP.TOTL,2013,10193833.0,,https://api.worldbank.org/v2/country/PAN;CRI;COL;DOM;MEX;GTM/indicator/SP.POP.TOTL,2026-10-06T18:46:40+00:00,CC BY 4.0
DOM,SP.POP.TOTL,2014,10315528.0,,https://api.worldbank.org/v2/country/PAN;CRI;COL;DOM;MEX;GTM/indicator/SP.POP.TOTL,2026-10-06T18:46:40+00:00,CC BY 4.0
DOM,SP.POP.TOTL,2015,10434829.0,,https://api.worldbank.org/v2/country/PAN;CRI;COL;DOM;MEX;GTM/indicator/SP.POP.TOTL,2026-10-06T18:46:40+00:00,CC BY 4.0
DOM,SP.POP.TOTL,2016,10551430.0,,https://api.worldbank.org/v2/country/PAN;CRI;COL;DOM;MEX;GTM/indicator/SP.POP.TOTL,2026-10-06T18:46:40+00:00,CC BY 4.0
DOM,SP.POP.TOTL,2017,10666843.0,,https://api.worldbank.org/v2/country/PAN;CRI;COL;DOM;MEX;GTM/indicator/SP.POP.TOTL,2026-10-06T18:46:40+00:00,CC BY 4.0
DOM,SP.POP.TOTL,2018,10782053.0,,https://api.worldbank.org/v2/country/PAN;CRI;COL;DOM;MEX;GTM/indicator/SP.POP.TOTL,2026-10-06T18:46:40+00:00,CC BY 4.0
DOM,SP.POP.TOTL,2019,10894043.0,,https://api.worldbank.org/v2/country/PAN;CRI;COL;DOM;MEX;GTM/indicator/SP.POP.TOTL,2026-10-06T18:46:40+00:00,CC BY 4.0
DOM,SP.POP.TOTL,2020,11008300.0,,https://api.worldbank.org/v2/country/PAN;CRI;COL;DOM;MEX;GTM/indicator/SP.POP.TOTL,2026-10-06T18:46:40+00:00,CC BY 4.0
DOM,SP.POP.TOTL,2021,11123476.0,,https://api.worldbank.org/v2/country/PAN;CRI;COL;DOM;MEX;GTM/indicator/SP.POP.TOTL,2026-10-06T18:46:40+00:00,CC BY 4.0
DOM,SP.POP.TOTL,2022,11230734.0,,https://api.worldbank.org/v2/country/PAN;CRI;COL;DOM;MEX;GTM/indicator/SP.POP.TOTL,2026-10-06T18:46:40+00:00,CC BY 4.0
DOM,SP.POP.TOTL,2023,11331265.0,,https://api.worldbank.org/v2/country/PAN;CRI;COL;DOM;MEX;GTM/indicator/SP.POP.TOTL,2026-10-06T18:46:40+00:00,CC BY 4.0
DOM,SP.POP.TOTL,2024,11427557.0,,https://api.worldbank.org/v2/country/PAN;CRI;COL;DOM;MEX;GTM/indicator/SP.POP.TOTL,2026-10-06T18:46:40+00:00,CC BY 4.0
DOM,IT.NET.USER.ZS,2010,31.39999962,% of population,https://api.worldbank.org/v2/country/PAN;CRI;COL;DOM;MEX;GTM/indicator/IT.NET.USER.ZS,2026-10-06T18:46:40+00:00,CC BY 4.0
DOM,IT.NET.USER.ZS,2011,38.0,% of population,https://api.worldbank.org/v2/country/PAN;CRI;COL;DOM;MEX;GTM/indicator/IT.NET.USER.ZS,2026-10-06T18:46:40+00:00,CC BY 4.0
DOM,IT.NET.USER.ZS,2012,42.32,% of population,https://api.worldbank.org/v2/country/PAN;CRI;COL;DOM;MEX;GTM/indicator/IT.NET.USER.ZS,2026-10-06T18:46:40+00:00,CC BY 4.0
DOM,IT.NET.USER.ZS,2013,45.9,% of population,https://api.worldbank.org/v2/country/PAN;CRI;COL;DOM;MEX;GTM/indicator/IT.NET.USER.ZS,2026-10-06T18:46:40+00:00,CC BY 4.0
DOM,IT.NET.USER.ZS,2014,49.58000183,% of population,https://api.worldbank.org/v2/country/PAN;CRI;COL;DOM;MEX;GTM/indicator/IT.NET.USER.ZS,2026-10-06T18:46:40+00:00,CC BY 4.0
DOM,IT.NET.USER.ZS,2015,54.2157663369785,% of population,https://api.worldbank.org/v2/country/PAN;CRI;COL;DOM;MEX;GTM/indicator/IT.NET.USER.ZS,2026-10-06T18:46:40+00:00,CC BY 4.0
DOM,IT.NET.USER.ZS,2016,63.8708647408206,% of population,https://api.worldbank.org/v2/country/PAN;CRI;COL;DOM;MEX;GTM/indicator/IT.NET.USER.ZS,2026-10-06T18:46:40+00:00,CC BY 4.0
DOM,IT.NET.USER.ZS,2017,67.5712453277737,% of population,https://api.worldbank.org/v2/country/PAN;CRI;COL;DOM;MEX;GTM/indicator/IT.NET.USER.ZS,2026-10-06T18:46:40+00:00,CC BY 4.0
DOM,IT.NET.USER.ZS,2018,74.8220483597284,% of population,https://api.worldbank.org/v2/country/PAN;CRI;COL;DOM;MEX;GTM/indicator/IT.NET.USER.ZS,2026-10-06T18:46:40+00:00,CC BY 4.0
DOM,IT.NET.USER.ZS,2019,79.71549988,% of population,https://api.worldbank.org/v2/country/PAN;CRI;COL;DOM;MEX;GTM/indicator/IT.NET.USER.ZS,2026-10-06T18:46:40+00:00,CC BY 4.0
DOM,IT.NET.USER.ZS,2020,81.61730194,% of population,https://api.worldbank.org/v2/country/PAN;CRI;COL;DOM;MEX;GTM/indicator/IT.NET.USER.ZS,2026-10-06T18:46:40+00:00,CC BY 4.0
DOM,IT.NET.USER.ZS,2021,85.24298638,% of population,https://api.worldbank.org/v2/country/PAN;CRI;COL;DOM;MEX;GTM/indicator/IT.NET.USER.ZS,2026-10-06T18:46:40+00:00,CC BY 4.0
DOM,IT.NET.USER.ZS,2022,81.51269675,% of population,https://api.worldbank.org/v2/country/PAN;CRI;COL;DOM;MEX;GTM/indicator/IT.NET.USER.ZS,2026-10-06T18:46:40+00:00,CC BY 4.0
DOM,IT.NET.USER.ZS,2023,86.12689972,% of population,https://api.worldbank.org/v2/country/PAN;CRI;COL;DOM;MEX;GTM/indicator/IT.NET.USER.ZS,2026-10-06T18:46:40+00:00,CC BY 4.0
DOM,IT.NET.USER.ZS,2024,91.0022446,% of population,https://api.worldbank.org/v2/country/PAN;CRI;COL;DOM;MEX;GTM/indicator/IT.NET.USER.ZS,2026-10-06T18:46:40+00:00,CC BY 4.0
DOM,NE.EXP.GNFS.ZS,2010,22.7751186165488,% of GDP,https://api.worldbank.org/v2/country/PAN;CRI;COL;DOM;MEX;GTM/indicator/NE.EXP.GNFS.ZS,2026-10-06T18:46:40+00:00,CC BY 4.0
DOM,NE.EXP.GNFS.ZS,2011,24.3269602141381,% of GDP,https://api.worldbank.org/v2/country/PAN;CRI;COL;DOM;MEX;GTM/indicator/NE.EXP.GNFS.ZS,2026-10-06T18:46:40+00:00,CC BY 4.0
DOM,NE.EXP.GNFS.ZS,2012,24.7666213993906,% of GDP,https://api.worldbank.org/v2/country/PAN;CRI;COL;DOM;MEX;GTM/indicator/NE.EXP.GNFS.ZS,2026-10-06T18:46:40+00:00,CC BY 4.0
DOM,NE.EXP.GNFS.ZS,2013,25.3838177066263,% of GDP,https://api.worldbank.org/v2/country/PAN;CRI;COL;DOM;MEX;GTM/indicator/NE.EXP.GNFS.ZS,2026-10-06T18:46:40+00:00,CC BY 4.0
DOM,NE.EXP.GNFS.ZS,2014,25.4069026925032,% of GDP,https://api.worldbank.org/v2/country/PAN;CRI;COL;DOM;MEX;GTM/indicator/NE.EXP.GNFS.ZS,2026-10-06T18:46:40+00:00,CC BY 4.0
DOM,NE.EXP.GNFS.ZS,2015,24.0368347236543,% of GDP,https://api.worldbank.org/v2/country/PAN;CRI;COL;DOM;MEX;GTM/indicator/NE.EXP.GNFS.ZS,2026-10-06T18:46:40+00:00,CC BY 4.0
DOM,NE.EXP.GNFS.ZS,2016,24.1938670386292,% of GDP,https://api.worldbank.org/v2/country/PAN;CRI;COL;DOM;MEX;GTM/indicator/NE.EXP.GNFS.ZS,2026-10-06T18:46:40+00:00,CC BY 4.0
DOM,NE.EXP.GNFS.ZS,2017,24.1797519638034,% of GDP,https://api.worldbank.org/v2/country/PAN;CRI;COL;DOM;MEX;GTM/indicator/NE.EXP.GNFS.ZS,2026-10-06T18:46:40+00:00,CC BY 4.0
DOM,NE.EXP.GNFS.ZS,2018,23.993089643769,% of GDP,https://api.worldbank.org/v2/country/PAN;CRI;COL;DOM;MEX;GTM/indicator/NE.EXP.GNFS.ZS,2026-10-06T18:46:40+00:00,CC BY 4.0
DOM,NE.EXP.GNFS.ZS,2019,23.325332586795,% of GDP,https://api.worldbank.org/v2/country/PAN;CRI;COL;DOM;MEX;GTM/indicator/NE.EXP.GNFS.ZS,2026-10-06T18:46:40+00:00,CC BY 4.0
DOM,NE.EXP.GNFS.ZS,2020,18.7972072415048,% of GDP,https://api.worldbank.org/v2/country/PAN;CRI;COL;DOM;MEX;GTM/indicator/NE.EXP.GNFS.ZS,2026-10-06T18:46:40+00:00,CC BY 4.0
DOM,NE.EXP.GNFS.ZS,2021,21.5282997986043,% of GDP,https://api.worldbank.org/v2/country/PAN;CRI;COL;DOM;MEX;GTM/indicator/NE.EXP.GNFS.ZS,2026-10-06T18:46:40+00:00,CC BY 4.0
DOM,NE.EXP.GNFS.ZS,2022,22.0261866198241,% of GDP,https://api.worldbank.org/v2/country/PAN;CRI;COL;DOM;MEX;GTM/indicator/NE.EXP.GNFS.ZS,2026-10-06T18:46:40+00:00,CC BY 4.0
DOM,NE.EXP.GNFS.ZS,2023,21.3233165320401,% of GDP,https://api.worldbank.org/v2/country/PAN;CRI;COL;DOM;MEX;GTM/indicator/NE.EXP.GNFS.ZS,2026-10-06T18:46:40+00:00,CC BY 4.0
DOM,NE.EXP.GNFS.ZS,2024,22.7679273981921,% of GDP,https://api.worldbank.org/v2/country/PAN;CRI;COL;DOM;MEX;GTM/indicator/NE.EXP.GNFS.ZS,2026-10-06T18:46:40+00:00,CC BY 4.0
MEX,NY.GDP.MKTP.KD.ZG,2010,4.9713345832195,annual %,https://api.worldbank.org/v2/country/PAN;CRI;COL;DOM;MEX;GTM/indicator/NY.GDP.MKTP.KD.ZG,2026-10-06T18:46:40+00:00,CC BY 4.0
MEX,NY.GDP.MKTP.KD.ZG,2011,3.44404505297089,annual %,https://api.worldbank.org/v2/country/PAN;CRI;COL;DOM;MEX;GTM/indicator/NY.GDP.MKTP.KD.ZG,2026-10-06T18:46:40+00:00,CC BY 4.0
MEX,NY.GDP.MKTP.KD.ZG,2012,3.55321076010608,annual %,https://api.worldbank.org/v2/country/PAN;CRI;COL;DOM;MEX;GTM/indicator/NY.GDP.MKTP.KD.ZG,2026-10-06T18:46:40+00:00,CC BY 4.0
MEX,NY.GDP.MKTP.KD.ZG,2013,0.852101550164704,annual %,https://api.worldbank.org/v2/country/PAN;CRI;COL;DOM;MEX;GTM/indicator/NY.GDP.MKTP.KD.ZG,2026-10-06T18:46:40+00:00,CC BY 4.0
MEX,NY.GDP.MKTP.KD.ZG,2014,2.50376350783593,annual %,https://api.worldbank.org/v2/country/PAN;CRI;COL;DOM;MEX;GTM/indicator/NY.GDP.MKTP.KD.ZG,2026-10-06T18:46:40+00:00,CC BY 4.0
MEX,NY.GDP.MKTP.KD.ZG,2015,2.70232343024026,annual %,https://api.worldbank.org/v2/country/PAN;CRI;COL;DOM;MEX;GTM/indicator/NY.GDP.MKTP.KD.ZG,2026-10-06T18:46:40+00:00,CC BY 4.0
MEX,NY.GDP.MKTP.KD.ZG,2016,1.7724932254128,annual %,https://api.worldbank.org/v2/country/PAN;CRI;COL;DOM;MEX;GTM/indicator/NY.GDP.MKTP.KD.ZG,2026-10-06T18:46:40+00:00,CC BY 4.0
MEX,NY.GDP.MKTP.KD.ZG,2017,1.87172854648381,annual %,https://api.worldbank.org/v2/country/PAN;CRI;COL;DOM;MEX;GTM/indicator/NY.GDP.MKTP.KD.ZG,2026-10-06T18:46:40+00:00,CC BY 4.0
MEX,NY.GDP.MKTP.KD.ZG,2018,1.97208211101069,annual %,https://api.worldbank.org/v2/country/PAN;CRI;COL;DOM;MEX;GTM/indicator/NY.GDP.MKTP.KD.ZG,2026-10-06T18:46:40+00:00,CC BY 4.0
MEX,NY.GDP.MKTP.KD.ZG,2019,-0.392690513290532,annual %,https://api.worldbank.org/v2/country/PAN;CRI;COL;DOM;MEX;GTM/indicator/NY.GDP.MKTP.KD.ZG,2026-10-06T18:46:40+00:00,CC BY 4.0
MEX,NY.GDP.MKTP.KD.ZG,2020,-8.35403459379062,annual %,https://api.worldbank.org/v2/country/PAN;CRI;COL;DOM;MEX;GTM/indicator/NY.GDP.MKTP.KD.ZG,2026-10-06T18:46:40+00:00,CC BY 4.0
MEX,NY.GDP.MKTP.KD.ZG,2021,6.04848347173572,annual %,https://api.worldbank.org/v2/country/PAN;CRI;COL;DOM;MEX;GTM/indicator/NY.GDP.MKTP.KD.ZG,2026-10-06T18:46:40+00:00,CC BY 4.0
MEX,NY.GDP.MKTP.KD.ZG,2022,3.70975708309098,annual %,https://api.worldbank.org/v2/country/PAN;CRI;COL;DOM;MEX;GTM/indicator/NY.GDP.MKTP.KD.ZG,2026-10-06T18:46:40+00:00,CC BY 4.0
MEX,NY.GDP.MKTP.KD.ZG,2023,3.1067964131456,annual %,https://api.worldbank.org/v2/country/PAN;CRI;COL;DOM;MEX;GTM/indicator/NY.GDP.MKTP.KD.ZG,2026-10-06T18:46:40+00:00,CC BY 4.0
MEX,NY.GDP.MKTP.KD.ZG,2024,1.35057631384696,annual %,https://api.worldbank.org/v2/country/PAN;CRI;COL;DOM;MEX;GTM/indicator/NY.GDP.MKTP.KD.ZG,2026-10-06T18:46:40+00:00,CC BY 4.0
MEX,FP.CPI.TOTL.ZG,2010,4.15672722680174,annual %,https://api.worldbank.org/v2/country/PAN;CRI;COL;DOM;MEX;GTM/indicator/FP.CPI.TOTL.ZG,2026-10-06T18:46:40+00:00,CC BY 4.0
MEX,FP.CPI.TOTL.ZG,2011,3.40737824605742,annual %,https://api.worldbank.org/v2/country/PAN;CRI;COL;DOM;MEX;GTM/indicator/FP.CPI.TOTL.ZG,2026-10-06T18:46:40+00:00,CC BY 4.0
MEX,FP.CPI.TOTL.ZG,2012,4.11150981070289,annual %,https://api.worldbank.org/v2/country/PAN;CRI;COL;DOM;MEX;GTM/indicator/FP.CPI.TOTL.ZG,2026-10-06T18:46:40+00:00,CC BY 4.0
MEX,FP.CPI.TOTL.ZG,2013,3.80639069747204,annual %,https://api.worldbank.org/v2/country/PAN;CRI;COL;DOM;MEX;GTM/indicator/FP.CPI.TOTL.ZG,2026-10-06T18:46:40+00:00,CC BY 4.0
MEX,FP.CPI.TOTL.ZG,2014,4.01861608078679,annual %,https://api.worldbank.org/v2/country/PAN;CRI;COL;DOM;MEX;GTM/indicator/FP.CPI.TOTL.ZG,2026-10-06T18:46:40+00:00,CC BY 4.0
MEX,FP.CPI.TOTL.ZG,2015,2.72064064964023,annual %,https://api.worldbank.org/v2/country/PAN;CRI;COL;DOM;MEX;GTM/indicator/FP.CPI.TOTL.ZG,2026-10-06T18:46:40+00:00,CC BY 4.0
MEX,FP.CPI.TOTL.ZG,2016,2.8217078474766,annual %,https://api.worldbank.org/v2/country/PAN;CRI;COL;DOM;MEX;GTM/indicator/FP.CPI.TOTL.ZG,2026-10-06T18:46:40+00:00,CC BY 4.0
MEX,FP.CPI.TOTL.ZG,2017,6.04145724018986,annual %,https://api.worldbank.org/v2/country/PAN;CRI;COL;DOM;MEX;GTM/indicator/FP.CPI.TOTL.ZG,2026-10-06T18:46:40+00:00,CC BY 4.0
MEX,FP.CPI.TOTL.ZG,2018,4.89935015356551,annual %,https://api.worldbank.org/v2/country/PAN;CRI;COL;DOM;MEX;GTM/indicator/FP.CPI.TOTL.ZG,2026-10-06T18:46:40+00:00,CC BY 4.0
MEX,FP.CPI.TOTL.ZG,2019,3.63596142127046,annual %,https://api.worldbank.org/v2/country/PAN;CRI;COL;DOM;MEX;GTM/indicator/FP.CPI.TOTL.ZG,2026-10-06T18:46:40+00:00,CC BY 4.0
MEX,FP.CPI.TOTL.ZG,2020,3.39683415570006,annual %,https://api.worldbank.org/v2/country/PAN;CRI;COL;DOM;MEX;GTM/indicator/FP.CPI.TOTL.ZG,2026-10-06T18:46:40+00:00,CC BY 4.0
MEX,FP.CPI.TOTL.ZG,2021,5.68920847683753,annual %,https://api.worldbank.org/v2/country/PAN;CRI;COL;DOM;MEX;GTM/indicator/FP.CPI.TOTL.ZG,2026-10-06T18:46:40+00:00,CC BY 4.0
MEX,FP.CPI.TOTL.ZG,2022,7.8962761916855,annual %,https://api.worldbank.org/v2/country/PAN;CRI;COL;DOM;MEX;GTM/indicator/FP.CPI.TOTL.ZG,2026-10-06T18:46:40+00:00,CC BY 4.0
MEX,FP.CPI.TOTL.ZG,2023,5.52796087314389,annual %,https://api.worldbank.org/v2/country/PAN;CRI;COL;DOM;MEX;GTM/indicator/FP.CPI.TOTL.ZG,2026-10-06T18:46:40+00:00,CC BY 4.0
MEX,FP.CPI.TOTL.ZG,2024,4.72225588452932,annual %,https://api.worldbank.org/v2/country/PAN;CRI;COL;DOM;MEX;GTM/indicator/FP.CPI.TOTL.ZG,2026-10-06T18:46:40+00:00,CC BY 4.0
MEX,SL.UEM.TOTL.ZS,2010,5.303,modeled ILO estimate,https://api.worldbank.org/v2/country/PAN;CRI;COL;DOM;MEX;GTM/indicator/SL.UEM.TOTL.ZS,2026-10-06T18:46:40+00:00,CC BY 4.0
MEX,SL.UEM.TOTL.ZS,2011,5.175,modeled ILO estimate,https://api.worldbank.org/v2/country/PAN;CRI;COL;DOM;MEX;GTM/indicator/SL.UEM.TOTL.ZS,2026-10-06T18:46:40+00:00,CC BY 4.0
MEX,SL.UEM.TOTL.ZS,2012,4.892,modeled ILO estimate,https://api.worldbank.org/v2/country/PAN;CRI;COL;DOM;MEX;GTM/indicator/SL.UEM.TOTL.ZS,2026-10-06T18:46:40+00:00,CC BY 4.0
MEX,SL.UEM.TOTL.ZS,2013,4.921,modeled ILO estimate,https://api.worldbank.org/v2/country/PAN;CRI;COL;DOM;MEX;GTM/indicator/SL.UEM.TOTL.ZS,2026-10-06T18:46:40+00:00,CC BY 4.0
MEX,SL.UEM.TOTL.ZS,2014,4.819,modeled ILO estimate,https://api.worldbank.org/v2/country/PAN;CRI;COL;DOM;MEX;GTM/indicator/SL.UEM.TOTL.ZS,2026-10-06T18:46:40+00:00,CC BY 4.0
MEX,SL.UEM.TOTL.ZS,2015,4.311,modeled ILO estimate,https://api.worldbank.org/v2/country/PAN;CRI;COL;DOM;MEX;GTM/indicator/SL.UEM.TOTL.ZS,2026-10-06T18:46:40+00:00,CC BY 4.0
MEX,SL.UEM.TOTL.ZS,2016,3.853,modeled ILO estimate,https://api.worldbank.org/v2/country/PAN;CRI;COL;DOM;MEX;GTM/indicator/SL.UEM.TOTL.ZS,2026-10-06T18:46:40+00:00,CC BY 4.0
MEX,SL.UEM.TOTL.ZS,2017,3.419,modeled ILO estimate,https://api.worldbank.org/v2/country/PAN;CRI;COL;DOM;MEX;GTM/indicator/SL.UEM.TOTL.ZS,2026-10-06T18:46:40+00:00,CC BY 4.0
MEX,SL.UEM.TOTL.ZS,2018,3.275,modeled ILO estimate,https://api.worldbank.org/v2/country/PAN;CRI;COL;DOM;MEX;GTM/indicator/SL.UEM.TOTL.ZS,2026-10-06T18:46:40+00:00,CC BY 4.0
MEX,SL.UEM.TOTL.ZS,2019,3.477,modeled ILO estimate,https://api.worldbank.org/v2/country/PAN;CRI;COL;DOM;MEX;GTM/indicator/SL.UEM.TOTL.ZS,2026-10-06T18:46:40+00:00,CC BY 4.0
MEX,SL.UEM.TOTL.ZS,2020,4.44,modeled ILO estimate,https://api.worldbank.org/v2/country/PAN;CRI;COL;DOM;MEX;GTM/indicator/SL.UEM.TOTL.ZS,2026-10-06T18:46:40+00:00,CC BY 4.0
MEX,SL.UEM.TOTL.ZS,2021,4.019,modeled ILO estimate,https://api.worldbank.org/v2/country/PAN;CRI;COL;DOM;MEX;GTM/indicator/SL.UEM.TOTL.ZS,2026-10-06T18:46:40+00:00,CC BY 4.0
MEX,SL.UEM.TOTL.ZS,2022,3.256,modeled ILO estimate,https://api.worldbank.org/v2/country/PAN;CRI;COL;DOM;MEX;GTM/indicator/SL.UEM.TOTL.ZS,2026-10-06T18:46:40+00:00,CC BY 4.0
MEX,SL.UEM.TOTL.ZS,2023,2.765,modeled ILO estimate,https://api.worldbank.org/v2/country/PAN;CRI;COL;DOM;MEX;GTM/indicator/SL.UEM.TOTL.ZS,2026-10-06T18:46:40+00:00,CC BY 4.0
MEX,SL.UEM.TOTL.ZS,2024,2.678,modeled ILO estimate,https://api.worldbank.org/v2/country/PAN;CRI;COL;DOM;MEX;GTM/indicator/SL.UEM.TOTL.ZS,2026-10-06T18:46:40+00:00,CC BY 4.0
MEX,SP.POP.TOTL,2010,113623895.0,,https://api.worldbank.org/v2/country/PAN;CRI;COL;DOM;MEX;GTM/indicator/SP.POP.TOTL,2026-10-06T18:46:40+00:00,CC BY 4.0
MEX,SP.POP.TOTL,2011,115243504.0,,https://api.worldbank.org/v2/country/PAN;CRI;COL;DOM;MEX;GTM/indicator/SP.POP.TOTL,2026-10-06T18:46:40+00:00,CC BY 4.0
MEX,SP.POP.TOTL,2012,116818208.0,,https://api.worldbank.org/v2/country/PAN;CRI;COL;DOM;MEX;GTM/indicator/SP.POP.TOTL,2026-10-06T18:46:40+00:00,CC BY 4.0
MEX,SP.POP.TOTL,2013,118343573.0,,https://api.worldbank.org/v2/country/PAN;CRI;COL;DOM;MEX;GTM/indicator/SP.POP.TOTL,2026-10-06T18:46:40+00:00,CC BY 4.0
MEX,SP.POP.TOTL,2014,119784261.0,,https://api.worldbank.org/v2/country/PAN;CRI;COL;DOM;MEX;GTM/indicator/SP.POP.TOTL,2026-10-06T18:46:40+00:00,CC BY 4.0
MEX,SP.POP.TOTL,2015,121072306.0,,https://api.worldbank.org/v2/country/PAN;CRI;COL;DOM;MEX;GTM/indicator/SP.POP.TOTL,2026-10-06T18:46:40+00:00,CC BY 4.0
MEX,SP.POP.TOTL,2016,122251351.0,,https://api.worldbank.org/v2/country/PAN;CRI;COL;DOM;MEX;GTM/indicator/SP.POP.TOTL,2026-10-06T18:46:40+00:00,CC BY 4.0
MEX,SP.POP.TOTL,2017,123400057.0,,https://api.worldbank.org/v2/country/PAN;CRI;COL;DOM;MEX;GTM/indicator/SP.POP.TOTL,2026-10-06T18:46:40+00:00,CC BY 4.0
MEX,SP.POP.TOTL,2018,124573711.0,,https://api.worldbank.org/v2/country/PAN;CRI;COL;DOM;MEX;GTM/indicator/SP.POP.TOTL,2026-10-06T18:46:40+00:00,CC BY 4.0
MEX,SP.POP.TOTL,2019,125762982.0,,https://api.worldbank.org/v2/country/PAN;CRI;COL;DOM;MEX;GTM/indicator/SP.POP.TOTL,2026-10-06T18:46:40+00:00,CC BY 4.0
MEX,SP.POP.TOTL,2020,126799054.0,,https://api.worldbank.org/v2/country/PAN;CRI;COL;DOM;MEX;GTM/indicator/SP.POP.TOTL,2026-10-06T18:46:40+00:00,CC BY 4.0
MEX,SP.POP.TOTL,2021,127648148.0,,https://api.worldbank.org/v2/country/PAN;CRI;COL;DOM;MEX;GTM/indicator/SP.POP.TOTL,2026-10-06T18:46:40+00:00,CC BY 4.0
MEX,SP.POP.TOTL,2022,128613117.0,,https://api.worldbank.org/v2/country/PAN;CRI;COL;DOM;MEX;GTM/indicator/SP.POP.TOTL,2026-10-06T18:46:40+00:00,CC BY 4.0
MEX,SP.POP.TOTL,2023,129739759.0,,https://api.worldbank.org/v2/country/PAN;CRI;COL;DOM;MEX;GTM/indicator/SP.POP.TOTL,2026-10-06T18:46:40+00:00,CC BY 4.0
MEX,SP.POP.TOTL,2024,130861007.0,,https://api.worldbank.org/v2/country/PAN;CRI;COL;DOM;MEX;GTM/indicator/SP.POP.TOTL,2026-10-06T18:46:40+00:00,CC BY 4.0
MEX,IT.NET.USER.ZS,2010,31.05,% of population,https://api.worldbank.org/v2/country/PAN;CRI;COL;DOM;MEX;GTM/indicator/IT.NET.USER.ZS,2026-10-06T18:46:40+00:00,CC BY 4.0
MEX,IT.NET.USER.ZS,2011,37.1762954125184,% of population,https://api.worldbank.org/v2/country/PAN;CRI;COL;DOM;MEX;GTM/indicator/IT.NET.USER.ZS,2026-10-06T18:46:40+00:00,CC BY 4.0
MEX,IT.NET.USER.ZS,2012,39.75,% of population,https://api.worldbank.org/v2/country/PAN;CRI;COL;DOM;MEX;GTM/indicator/IT.NET.USER.ZS,2026-10-06T18:46:40+00:00,CC BY 4.0
MEX,IT.NET.USER.ZS,2013,43.46,% of population,https://api.worldbank.org/v2/country/PAN;CRI;COL;DOM;MEX;GTM/indicator/IT.NET.USER.ZS,2026-10-06T18:46:40+00:00,CC BY 4.0
MEX,IT.NET.USER.ZS,2014,44.3856962723411,% of population,https://api.worldbank.org/v2/country/PAN;CRI;COL;DOM;MEX;GTM/indicator/IT.NET.USER.ZS,2026-10-06T18:46:40+00:00,CC BY 4.0
MEX,IT.NET.USER.ZS,2015,57.4310429923633,% of population,https://api.worldbank.org/v2/country/PAN;CRI;COL;DOM;MEX;GTM/indicator/IT.NET.USER.ZS,2026-10-06T18:46:40+00:00,CC BY 4.0
MEX,IT.NET.USER.ZS,2016,59.5404459967255,% of population,https://api.worldbank.org/v2/country/PAN;CRI;COL;DOM;MEX;GTM/indicator/IT.NET.USER.ZS,2026-10-06T18:46:40+00:00,CC BY 4.0
MEX,IT.NET.USER.ZS,2017,53.0317886110982,% of population,https://api.worldbank.org/v2/country/PAN;CRI;COL;DOM;MEX;GTM/indicator/IT.NET.USER.ZS,2026-10-06T18:46:40+00:00,CC BY 4.0
MEX,IT.NET.USER.ZS,2018,56.6595667981289,% of population,https://api.worldbank.org/v2/country/PAN;CRI;COL;DOM;MEX;GTM/indicator/IT.NET.USER.ZS,2026-10-06T18:46:40+00:00,CC BY 4.0
MEX,IT.NET.USER.ZS,2019,69.6321092705209,% of population,https://api.worldbank.org/v2/country/PAN;CRI;COL;DOM;MEX;GTM/indicator/IT.NET.USER.ZS,2026-10-06T18:46:40+00:00,CC BY 4.0
MEX,IT.NET.USER.ZS,2020,71.49017499,% of population,https://api.worldbank.org/v2/country/PAN;CRI;COL;DOM;MEX;GTM/indicator/IT.NET.USER.ZS,2026-10-06T18:46:40+00:00,CC BY 4.0
MEX,IT.NET.USER.ZS,2021,75.62650476,% of population,https://api.worldbank.org/v2/country/PAN;CRI;COL;DOM;MEX;GTM/indicator/IT.NET.USER.ZS,2026-10-06T18:46:40+00:00,CC BY 4.0
MEX,IT.NET.USER.ZS,2022,78.63217894,% of population,https://api.worldbank.org/v2/country/PAN;CRI;COL;DOM;MEX;GTM/indicator/IT.NET.USER.ZS,2026-10-06T18:46:40+00:00,CC BY 4.0
MEX,IT.NET.USER.ZS,2023,81.18318755,% of population,https://api.worldbank.org/v2/country/PAN;CRI;COL;DOM;MEX;GTM/indicator/IT.NET.USER.ZS,2026-10-06T18:46:40+00:00,CC BY 4.0
MEX,IT.NET.USER.ZS,2024,83.12233799,% of population,https://api.worldbank.org/v2/country/PAN;CRI;COL;DOM;MEX;GTM/indicator/IT.NET.USER.ZS,2026-10-06T18:46:40+00:00,CC BY 4.0
MEX,NE.EXP.GNFS.ZS,2010,29.0174601175767,% of GDP,https://api.worldbank.org/v2/country/PAN;CRI;COL;DOM;MEX;GTM/indicator/NE.EXP.GNFS.ZS,2026-10-06T18:46:40+00:00,CC BY 4.0
MEX,NE.EXP.GNFS.ZS,2011,30.4429662274867,% of GDP,https://api.worldbank.org/v2/country/PAN;CRI;COL;DOM;MEX;GTM/indicator/NE.EXP.GNFS.ZS,2026-10-06T18:46:40+00:00,CC BY 4.0
MEX,NE.EXP.GNFS.ZS,2012,31.5394503933211,% of GDP,https://api.worldbank.org/v2/country/PAN;CRI;COL;DOM;MEX;GTM/indicator/NE.EXP.GNFS.ZS,2026-10-06T18:46:40+00:00,CC BY 4.0
MEX,NE.EXP.GNFS.ZS,2013,30.7558005807208,% of GDP,https://api.worldbank.org/v2/country/PAN;CRI;COL;DOM;MEX;GTM/indicator/NE.EXP.GNFS.ZS,2026-10-06T18:46:40+00:00,CC BY 4.0
MEX,NE.EXP.GNFS.ZS,2014,31.4629921982533,% of GDP,https://api.worldbank.org/v2/country/PAN;CRI;COL;DOM;MEX;GTM/indicator/NE.EXP.GNFS.ZS,2026-10-06T18:46:40+00:00,CC BY 4.0
MEX,NE.EXP.GNFS.ZS,2015,34.1627726891004,% of GDP,https://api.worldbank.org/v2/country/PAN;CRI;COL;DOM;MEX;GTM/indicator/NE.EXP.GNFS.ZS,2026-10-06T18:46:40+00:00,CC BY 4.0
MEX,NE.EXP.GNFS.ZS,2016,36.8156772514808,% of GDP,https://api.worldbank.org/v2/country/PAN;CRI;COL;DOM;MEX;GTM/indicator/NE.EXP.GNFS.ZS,2026-10-06T18:46:40+00:00,CC BY 4.0
MEX,NE.EXP.GNFS.ZS,2017,37.514088621552,% of GDP,https://api.worldbank.org/v2/country/PAN;CRI;COL;DOM;MEX;GTM/indicator/NE.EXP.GNFS.ZS,2026-10-06T18:46:40+00:00,CC BY 4.0
MEX,NE.EXP.GNFS.ZS,2018,39.0439304387032,% of GDP,https://api.worldbank.org/v2/country/PAN;CRI;COL;DOM;MEX;GTM/indicator/NE.EXP.GNFS.ZS,2026-10-06T18:46:40+00:00,CC BY 4.0
MEX,NE.EXP.GNFS.ZS,2019,38.5296507889335,% of GDP,https://api.worldbank.org/v2/country/PAN;CRI;COL;DOM;MEX;GTM/indicator/NE.EXP.GNFS.ZS,2026-10-06T18:46:40+00:00,CC BY 4.0
MEX,NE.EXP.GNFS.ZS,2020,39.2353720952982,% of GDP,https://api.worldbank.org/v2/country/PAN;CRI;COL;DOM;MEX;GTM/indicator/NE.EXP.GNFS.ZS,2026-10-06T18:46:40+00:00,CC BY 4.0
MEX,NE.EXP.GNFS.ZS,2021,40.5691931964594,% of GDP,https://api.worldbank.org/v2/country/PAN;CRI;COL;DOM;MEX;GTM/indicator/NE.EXP.GNFS.ZS,2026-10-06T18:46:40+00:00,CC BY 4.0
MEX,NE.EXP.GNFS.ZS,2022,42.9322902148243,% of GDP,https://api.worldbank.org/v2/country/PAN;CRI;COL;DOM;MEX;GTM/indicator/NE.EXP.GNFS.ZS,2026-10-06T18:46:40+00:00,CC BY 4.0
MEX,NE.EXP.GNFS.ZS,2023,36.1479343675069,% of GDP,https://api.worldbank.org/v2/country/PAN;CRI;COL;DOM;MEX;GTM/indicator/NE.EXP.GNFS.ZS,2026-10-06T18:46:40+00:00,CC BY 4.0
MEX,NE.EXP.GNFS.ZS,2024,37.2836162309013,% of GDP,https://api.worldbank.org/v2/country/PAN;CRI;COL;DOM;MEX;GTM/indicator/NE.EXP.GNFS.ZS,2026-10-06T18:46:40+00:00,CC BY 4.0
GTM,NY.GDP.MKTP.KD.ZG,2010,2.88417542800377,annual %,https://api.worldbank.org/v2/country/PAN;CRI;COL;DOM;MEX;GTM/indicator/NY.GDP.MKTP.KD.ZG,2026-10-06T18:46:40+00:00,CC BY 4.0
GTM,NY.GDP.MKTP.KD.ZG,2011,4.16390688293349,annual %,https://api.worldbank.org/v2/country/PAN;CRI;COL;DOM;MEX;GTM/indicator/NY.GDP.MKTP.KD.ZG,2026-10-06T18:46:40+00:00,CC BY 4.0
GTM,NY.GDP.MKTP.KD.ZG,2012,2.97470856847661,annual %,https://api.worldbank.org/v2/country/PAN;CRI;COL;DOM;MEX;GTM/indicator/NY.GDP.MKTP.KD.ZG,2026-10-06T18:46:40+00:00,CC BY 4.0
GTM,NY.GDP.MKTP.KD.ZG,2013,3.69476814623695,annual %,https://api.worldbank.org/v2/country/PAN;CRI;COL;DOM;MEX;GTM/indicator/NY.GDP.MKTP.KD.ZG,2026-10-06T18:46:40+00:00,CC BY 4.0
GTM,NY.GDP.MKTP.KD.ZG,2014,4.44397825774911,annual %,https://api.worldbank.org/v2/country/PAN;CRI;COL;DOM;MEX;GTM/indicator/NY.GDP.MKTP.KD.ZG,2026-10-06T18:46:40+00:00,CC BY 4.0
GTM,NY.GDP.MKTP.KD.ZG,2015,4.09217170075418,annual %,https://api.worldbank.org/v2/country/PAN;CRI;COL;DOM;MEX;GTM/indicator/NY.GDP.MKTP.KD.ZG,2026-10-06T18:46:40+00:00,CC BY 4.0
GTM,NY.GDP.MKTP.KD.ZG,2016,2.6778031930216,annual %,https://api.worldbank.org/v2/country/PAN;CRI;COL;DOM;MEX;GTM/indicator/NY.GDP.MKTP.KD.ZG,2026-10-06T18:46:40+00:00,CC BY 4.0
GTM,NY.GDP.MKTP.KD.ZG,2017,3.0798512212244,annual %,https://api.worldbank.org/v2/country/PAN;CRI;COL;DOM;MEX;GTM/indicator/NY.GDP.MKTP.KD.ZG,2026-10-06T18:46:40+00:00,CC BY 4.0
GTM,NY.GDP.MKTP.KD.ZG,2018,3.40687328176345,annual %,https://api.worldbank.org/v2/country/PAN;CRI;COL;DOM;MEX;GTM/indicator/NY.GDP.MKTP.KD.ZG,2026-10-06T18:46:40+00:00,CC BY 4.0
GTM,NY.GDP.MKTP.KD.ZG,2019,4.01789830861587,annual %,https://api.worldbank.org/v2/country/PAN;CRI;COL;DOM;MEX;GTM/indicator/NY.GDP.MKTP.KD.ZG,2026-10-06T18:46:40+00:00,CC BY 4.0
GTM,NY.GDP.MKTP.KD.ZG,2020,-1.78555117570465,annual %,https://api.worldbank.org/v2/country/PAN;CRI;COL;DOM;MEX;GTM/indicator/NY.GDP.MKTP.KD.ZG,2026-10-06T18:46:40+00:00,CC BY 4.0
GTM,NY.GDP.MKTP.KD.ZG,2021,8.04170398855833,annual %,https://api.worldbank.org/v2/country/PAN;CRI;COL;DOM;MEX;GTM/indicator/NY.GDP.MKTP.KD.ZG,2026-10-06T18:46:40+00:00,CC BY 4.0
GTM,NY.GDP.MKTP.KD.ZG,2022,4.15492196609047,annual %,https://api.worldbank.org/v2/country/PAN;CRI;COL;DOM;MEX;GTM/indicator/NY.GDP.MKTP.KD.ZG,2026-10-06T18:46:40+00:00,CC BY 4.0
GTM,NY.GDP.MKTP.KD.ZG,2023,3.52430434049013,annual %,https://api.worldbank.org/v2/country/PAN;CRI;COL;DOM;MEX;GTM/indicator/NY.GDP.MKTP.KD.ZG,2026-10-06T18:46:40+00:00,CC BY 4.0
GTM,NY.GDP.MKTP.KD.ZG,2024,3.71558453779777,annual %,https://api.worldbank.org/v2/country/PAN;CRI;COL;DOM;MEX;GTM/indicator/NY.GDP.MKTP.KD.ZG,2026-10-06T18:46:40+00:00,CC BY 4.0
GTM,FP.CPI.TOTL.ZG,2010,3.8595090983316,annual %,https://api.worldbank.org/v2/country/PAN;CRI;COL;DOM;MEX;GTM/indicator/FP.CPI.TOTL.ZG,2026-10-06T18:46:40+00:00,CC BY 4.0
GTM,FP.CPI.TOTL.ZG,2011,6.214123930671,annual %,https://api.worldbank.org/v2/country/PAN;CRI;COL;DOM;MEX;GTM/indicator/FP.CPI.TOTL.ZG,2026-10-06T18:46:40+00:00,CC BY 4.0
GTM,FP.CPI.TOTL.ZG,2012,3.78180754679678,annual %,https://api.worldbank.org/v2/country/PAN;CRI;COL;DOM;MEX;GTM/indicator/FP.CPI.TOTL.ZG,2026-10-06T18:46:40+00:00,CC BY 4.0
GTM,FP.CPI.TOTL.ZG,2013,4.34337131279521,annual %,https://api.worldbank.org/v2/country/PAN;CRI;COL;DOM;MEX;GTM/indicator/FP.CPI.TOTL.ZG,2026-10-06T18:46:40+00:00,CC BY 4.0
GTM,FP.CPI.TOTL.ZG,2014,3.4183616966296,annual %,https://api.worldbank.org/v2/country/PAN;CRI;COL;DOM;MEX;GTM/indicator/FP.CPI.TOTL.ZG,2026-10-06T18:46:40+00:00,CC BY 4.0
GTM,FP.CPI.TOTL.ZG,2015,2.3887203283955,annual %,https://api.worldbank.org/v2/country/PAN;CRI;COL;DOM;MEX;GTM/indicator/FP.CPI.TOTL.ZG,2026-10-06T18:46:40+00:00,CC BY 4.0
GTM,FP.CPI.TOTL.ZG,2016,4.44844199942827,annual %,https://api.worldbank.org/v2/country/PAN;CRI;COL;DOM;MEX;GTM/indicator/FP.CPI.TOTL.ZG,2026-10-06T18:46:40+00:00,CC BY 4.0
GTM,FP.CPI.TOTL.ZG,2017,4.42453655182546,annual %,https://api.worldbank.org/v2/country/PAN;CRI;COL;DOM;MEX;GTM/indicator/FP.CPI.TOTL.ZG,2026-10-06T18:46:40+00:00,CC BY 4.0
GTM,FP.CPI.TOTL.ZG,2018,3.75186186704508,annual %,https://api.worldbank.org/v2/country/PAN;CRI;COL;DOM;MEX;GTM/indicator/FP.CPI.TOTL.ZG,2026-10-06T18:46:40+00:00,CC BY 4.0
GTM,FP.CPI.TOTL.ZG,2019,3.69998398008605,annual %,https://api.worldbank.org/v2/country/PAN;CRI;COL;DOM;MEX;GTM/indicator/FP.CPI.TOTL.ZG,2026-10-06T18:46:40+00:00,CC BY 4.0
GTM,FP.CPI.TOTL.ZG,2020,3.21444062197345,annual %,https://api.worldbank.org/v2/country/PAN;CRI;COL;DOM;MEX;GTM/indicator/FP.CPI.TOTL.ZG,2026-10-06T18:46:40+00:00,CC BY 4.0
GTM,FP.CPI.TOTL.ZG,2021,4.26105127422813,annual %,https://api.worldbank.org/v2/country/PAN;CRI;COL;DOM;MEX;GTM/indicator/FP.CPI.TOTL.ZG,2026-10-06T18:46:40+00:00,CC BY 4.0
GTM,FP.CPI.TOTL.ZG,2022,6.88512823344287,annual %,https://api.worldbank.org/v2/country/PAN;CRI;COL;DOM;MEX;GTM/indicator/FP.CPI.TOTL.ZG,2026-10-06T18:46:40+00:00,CC BY 4.0
GTM,FP.CPI.TOTL.ZG,2023,6.20657592272126,annual %,https://api.worldbank.org/v2/country/PAN;CRI;COL;DOM;MEX;GTM/indicator/FP.CPI.TOTL.ZG,2026-10-06T18:46:40+00:00,CC BY 4.0
GTM,FP.CPI.TOTL.ZG,2024,2.86992752918294,annual %,https://api.worldbank.org/v2/country/PAN;CRI;COL;DOM;MEX;GTM/indicator/FP.CPI.TOTL.ZG,2026-10-06T18:46:40+00:00,CC BY 4.0
GTM,SL.UEM.TOTL.ZS,2010,3.497,modeled ILO estimate,https://api.worldbank.org/v2/country/PAN;CRI;COL;DOM;MEX;GTM/indicator/SL.UEM.TOTL.ZS,2026-10-06T18:46:40+00:00,CC BY 4.0
GTM,SL.UEM.TOTL.ZS,2011,3.169,modeled ILO estimate,https://api.worldbank.org/v2/country/PAN;CRI;COL;DOM;MEX;GTM/indicator/SL.UEM.TOTL.ZS,2026-10-06T18:46:40+00:00,CC BY 4.0
GTM,SL.UEM.TOTL.ZS,2012,2.765,modeled ILO estimate,https://api.worldbank.org/v2/country/PAN;CRI;COL;DOM;MEX;GTM/indicator/SL.UEM.TOTL.ZS,2026-10-06T18:46:40+00:00,CC BY 4.0
GTM,SL.UEM.TOTL.ZS,2013,3.017,modeled ILO estimate,https://api.worldbank.org/v2/country/PAN;CRI;COL;DOM;MEX;GTM/indicator/SL.UEM.TOTL.ZS,2026-10-06T18:46:40+00:00,CC BY 4.0
GTM,SL.UEM.TOTL.ZS,2014,2.717,modeled ILO estimate,https://api.worldbank.org/v2/country/PAN;CRI;COL;DOM;MEX;GTM/indicator/SL.UEM.TOTL.ZS,2026-10-06T18:46:40+00:00,CC BY 4.0
GTM,SL.UEM.TOTL.ZS,2015,2.506,modeled ILO estimate,https://api.worldbank.org/v2/country/PAN;CRI;COL;DOM;MEX;GTM/indicator/SL.UEM.TOTL.ZS,2026-10-06T18:46:40+00:00,CC BY 4.0
GTM,SL.UEM.TOTL.ZS,2016,2.583,modeled ILO estimate,https://api.worldbank.org/v2/country/PAN;CRI;COL;DOM;MEX;GTM/indicator/SL.UEM.TOTL.ZS,2026-10-06T18:46:40+00:00,CC BY 4.0
GTM,SL.UEM.TOTL.ZS,2017,2.462,modeled ILO estimate,https://api.worldbank.org/v2/country/PAN;CRI;COL;DOM;MEX;GTM/indicator/SL.UEM.TOTL.ZS,2026-10-06T18:46:40+00:00,CC BY 4.0
GTM,SL.UEM.TOTL.ZS,2018,2.283,modeled ILO estimate,https://api.worldbank.org/v2/country/PAN;CRI;COL;DOM;MEX;GTM/indicator/SL.UEM.TOTL.ZS,2026-10-06T18:46:40+00:00,CC BY 4.0
GTM,SL.UEM.TOTL.ZS,2019,2.193,modeled ILO estimate,https://api.worldbank.org/v2/country/PAN;CRI;COL;DOM;MEX;GTM/indicator/SL.UEM.TOTL.ZS,2026-10-06T18:46:40+00:00,CC BY 4.0
GTM,SL.UEM.TOTL.ZS,2020,2.965,modeled ILO estimate,https://api.worldbank.org/v2/country/PAN;CRI;COL;DOM;MEX;GTM/indicator/SL.UEM.TOTL.ZS,2026-10-06T18:46:40+00:00,CC BY 4.0
GTM,SL.UEM.TOTL.ZS,2021,2.174,modeled ILO estimate,https://api.worldbank.org/v2/country/PAN;CRI;COL;DOM;MEX;GTM/indicator/SL.UEM.TOTL.ZS,2026-10-06T18:46:40+00:00,CC BY 4.0
GTM,SL.UEM.TOTL.ZS,2022,3.051,modeled ILO estimate,https://api.worldbank.org/v2/country/PAN;CRI;COL;DOM;MEX;GTM/indicator/SL.UEM.TOTL.ZS,2026-10-06T18:46:40+00:00,CC BY 4.0
GTM,SL.UEM.TOTL.ZS,2023,2.344,modeled ILO estimate,https://api.worldbank.org/v2/country/PAN;CRI;COL;DOM;MEX;GTM/indicator/SL.UEM.TOTL.ZS,2026-10-06T18:46:40+00:00,CC BY 4.0
GTM,SL.UEM.TOTL.ZS,2024,2.613,modeled ILO estimate,https://api.worldbank.org/v2/country/PAN;CRI;COL;DOM;MEX;GTM/indicator/SL.UEM.TOTL.ZS,2026-10-06T18:46:40+00:00,CC BY 4.0
GTM,SP.POP.TOTL,2010,14500112.0,,https://api.worldbank.org/v2/country/PAN;CRI;COL;DOM;MEX;GTM/indicator/SP.POP.TOTL,2026-10-06T18:46:40+00:00,CC BY 4.0
GTM,SP.POP.TOTL,2011,14792126.0,,https://api.worldbank.org/v2/country/PAN;CRI;COL;DOM;MEX;GTM/indicator/SP.POP.TOTL,2026-10-06T18:46:40+00:00,CC BY 4.0
GTM,SP.POP.TOTL,2012,15089647.0,,https://api.worldbank.org/v2/country/PAN;CRI;COL;DOM;MEX;GTM/indicator/SP.POP.TOTL,2026-10-06T18:46:40+00:00,CC BY 4.0
GTM,SP.POP.TOTL,2013,15387337.0,,https://api.worldbank.org/v2/country/PAN;CRI;COL;DOM;MEX;GTM/indicator/SP.POP.TOTL,2026-10-06T18:46:40+00:00,CC BY 4.0
GTM,SP.POP.TOTL,2014,15681725.0,,https://api.worldbank.org/v2/country/PAN;CRI;COL;DOM;MEX;GTM/indicator/SP.POP.TOTL,2026-10-06T18:46:40+00:00,CC BY 4.0
GTM,SP.POP.TOTL,2015,15971743.0,,https://api.worldbank.org/v2/country/PAN;CRI;COL;DOM;MEX;GTM/indicator/SP.POP.TOTL,2026-10-06T18:46:40+00:00,CC BY 4.0
GTM,SP.POP.TOTL,2016,16268760.0,,https://api.worldbank.org/v2/country/PAN;CRI;COL;DOM;MEX;GTM/indicator/SP.POP.TOTL,2026-10-06T18:46:40+00:00,CC BY 4.0
GTM,SP.POP.TOTL,2017,16567357.0,,https://api.worldbank.org/v2/country/PAN;CRI;COL;DOM;MEX;GTM/indicator/SP.POP.TOTL,2026-10-06T18:46:40+00:00,CC BY 4.0
GTM,SP.POP.TOTL,2018,16845685.0,,https://api.worldbank.org/v2/country/PAN;CRI;COL;DOM;MEX;GTM/indicator/SP.POP.TOTL,2026-10-06T18:46:40+00:00,CC BY 4.0
GTM,SP.POP.TOTL,2019,17103803.0,,https://api.worldbank.org/v2/country/PAN;CRI;COL;DOM;MEX;GTM/indicator/SP.POP.TOTL,2026-10-06T18:46:40+00:00,CC BY 4.0
GTM,SP.POP.TOTL,2020,17357325.0,,https://api.worldbank.org/v2/country/PAN;CRI;COL;DOM;MEX;GTM/indicator/SP.POP.TOTL,2026-10-06T18:46:40+00:00,CC BY 4.0
GTM,SP.POP.TOTL,2021,17598650.0,,https://api.worldbank.org/v2/country/PAN;CRI;COL;DOM;MEX;GTM/indicator/SP.POP.TOTL,2026-10-06T18:46:40+00:00,CC BY 4.0
GTM,SP.POP.TOTL,2022,17847877.0,,https://api.worldbank.org/v2/country/PAN;CRI;COL;DOM;MEX;GTM/indicator/SP.POP.TOTL,2026-10-06T18:46:40+00:00,CC BY 4.0
GTM,SP.POP.TOTL,2023,18124838.0,,https://api.worldbank.org/v2/country/PAN;CRI;COL;DOM;MEX;GTM/indicator/SP.POP.TOTL,2026-10-06T18:46:40+00:00,CC BY 4.0
GTM,SP.POP.TOTL,2024,18406359.0,,https://api.worldbank.org/v2/country/PAN;CRI;COL;DOM;MEX;GTM/indicator/SP.POP.TOTL,2026-10-06T18:46:40+00:00,CC BY 4.0
GTM,IT.NET.USER.ZS,2010,10.5,% of population,https://api.worldbank.org/v2/country/PAN;CRI;COL;DOM;MEX;GTM/indicator/IT.NET.USER.ZS,2026-10-06T18:46:40+00:00,CC BY 4.0
GTM,IT.NET.USER.ZS,2011,12.30000019,% of population,https://api.worldbank.org/v2/country/PAN;CRI;COL;DOM;MEX;GTM/indicator/IT.NET.USER.ZS,2026-10-06T18:46:40+00:00,CC BY 4.0
GTM,IT.NET.USER.ZS,2012,16.0,% of population,https://api.worldbank.org/v2/country/PAN;CRI;COL;DOM;MEX;GTM/indicator/IT.NET.USER.ZS,2026-10-06T18:46:40+00:00,CC BY 4.0
GTM,IT.NET.USER.ZS,2013,19.70000076,% of population,https://api.worldbank.org/v2/country/PAN;CRI;COL;DOM;MEX;GTM/indicator/IT.NET.USER.ZS,2026-10-06T18:46:40+00:00,CC BY 4.0
GTM,IT.NET.USER.ZS,2014,23.39999962,% of population,https://api.worldbank.org/v2/country/PAN;CRI;COL;DOM;MEX;GTM/indicator/IT.NET.USER.ZS,2026-10-06T18:46:40+00:00,CC BY 4.0
GTM,IT.NET.USER.ZS,2015,28.80590057,% of population,https://api.worldbank.org/v2/country/PAN;CRI;COL;DOM;MEX;GTM/indicator/IT.NET.USER.ZS,2026-10-06T18:46:40+00:00,CC BY 4.0
GTM,IT.NET.USER.ZS,2016,34.50930023,% of population,https://api.worldbank.org/v2/country/PAN;CRI;COL;DOM;MEX;GTM/indicator/IT.NET.USER.ZS,2026-10-06T18:46:40+00:00,CC BY 4.0
GTM,IT.NET.USER.ZS,2017,37.90000153,% of population,https://api.worldbank.org/v2/country/PAN;CRI;COL;DOM;MEX;GTM/indicator/IT.NET.USER.ZS,2026-10-06T18:46:40+00:00,CC BY 4.0
GTM,IT.NET.USER.ZS,2018,41.5,% of population,https://api.worldbank.org/v2/country/PAN;CRI;COL;DOM;MEX;GTM/indicator/IT.NET.USER.ZS,2026-10-06T18:46:40+00:00,CC BY 4.0
GTM,IT.NET.USER.ZS,2019,44.401049838502,% of population,https://api.worldbank.org/v2/country/PAN;CRI;COL;DOM;MEX;GTM/indicator/IT.NET.USER.ZS,2026-10-06T18:46:40+00:00,CC BY 4.0
GTM,IT.NET.USER.ZS,2020,47.51229858,% of population,https://api.worldbank.org/v2/country/PAN;CRI;COL;DOM;MEX;GTM/indicator/IT.NET.USER.ZS,2026-10-06T18:46:40+00:00,CC BY 4.0
GTM,IT.NET.USER.ZS,2021,50.84164945,% of population,https://api.worldbank.org/v2/country/PAN;CRI;COL;DOM;MEX;GTM/indicator/IT.NET.USER.ZS,2026-10-06T18:46:40+00:00,CC BY 4.0
GTM,IT.NET.USER.ZS,2022,54.40430069,% of population,https://api.worldbank.org/v2/country/PAN;CRI;COL;DOM;MEX;GTM/indicator/IT.NET.USER.ZS,2026-10-06T18:46:40+00:00,CC BY 4.0
GTM,IT.NET.USER.ZS,2023,56.72669983,% of population,https://api.worldbank.org/v2/country/PAN;CRI;COL;DOM;MEX;GTM/indicator/IT.NET.USER.ZS,2026-10-06T18:46:40+00:00,CC BY 4.0
GTM,IT.NET.USER.ZS,2024,60.22140121,% of population,https://api.worldbank.org/v2/country/PAN;CRI;COL;DOM;MEX;GTM/indicator/IT.NET.USER.ZS,2026-10-06T18:46:40+00:00,CC BY 4.0
GTM,NE.EXP.GNFS.ZS,2010,26.2254643341594,% of GDP,https://api.worldbank.org/v2/country/PAN;CRI;COL;DOM;MEX;GTM/indicator/NE.EXP.GNFS.ZS,2026-10-06T18:46:40+00:00,CC BY 4.0
GTM,NE.EXP.GNFS.ZS,2011,27.0677057848772,% of GDP,https://api.worldbank.org/v2/country/PAN;CRI;COL;DOM;MEX;GTM/indicator/NE.EXP.GNFS.ZS,2026-10-06T18:46:40+00:00,CC BY 4.0
GTM,NE.EXP.GNFS.ZS,2012,25.267092636425,% of GDP,https://api.worldbank.org/v2/country/PAN;CRI;COL;DOM;MEX;GTM/indicator/NE.EXP.GNFS.ZS,2026-10-06T18:46:40+00:00,CC BY 4.0
GTM,NE.EXP.GNFS.ZS,2013,21.9981664670011,% of GDP,https://api.worldbank.org/v2/country/PAN;CRI;COL;DOM;MEX;GTM/indicator/NE.EXP.GNFS.ZS,2026-10-06T18:46:40+00:00,CC BY 4.0
GTM,NE.EXP.GNFS.ZS,2014,21.7443606885213,% of GDP,https://api.worldbank.org/v2/country/PAN;CRI;COL;DOM;MEX;GTM/indicator/NE.EXP.GNFS.ZS,2026-10-06T18:46:40+00:00,CC BY 4.0
GTM,NE.EXP.GNFS.ZS,2015,19.8299071093932,% of GDP,https://api.worldbank.org/v2/country/PAN;CRI;COL;DOM;MEX;GTM/indicator/NE.EXP.GNFS.ZS,2026-10-06T18:46:40+00:00,CC BY 4.0
GTM,NE.EXP.GNFS.ZS,2016,18.753087949948,% of GDP,https://api.worldbank.org/v2/country/PAN;CRI;COL;DOM;MEX;GTM/indicator/NE.EXP.GNFS.ZS,2026-10-06T18:46:40+00:00,CC BY 4.0
GTM,NE.EXP.GNFS.ZS,2017,18.4950394164293,% of GDP,https://api.worldbank.org/v2/country/PAN;CRI;COL;DOM;MEX;GTM/indicator/NE.EXP.GNFS.ZS,2026-10-06T18:46:40+00:00,CC BY 4.0
GTM,NE.EXP.GNFS.ZS,2018,18.1693258488802,% of GDP,https://api.worldbank.org/v2/country/PAN;CRI;COL;DOM;MEX;GTM/indicator/NE.EXP.GNFS.ZS,2026-10-06T18:46:40+00:00,CC BY 4.0
GTM,NE.EXP.GNFS.ZS,2019,17.6119727745274,% of GDP,https://api.worldbank.org/v2/country/PAN;CRI;COL;DOM;MEX;GTM/indicator/NE.EXP.GNFS.ZS,2026-10-06T18:46:40+00:00,CC BY 4.0
GTM,NE.EXP.GNFS.ZS,2020,16.3436118075967,% of GDP,https://api.worldbank.org/v2/country/PAN;CRI;COL;DOM;MEX;GTM/indicator/NE.EXP.GNFS.ZS,2026-10-06T18:46:40+00:00,CC BY 4.0
GTM,NE.EXP.GNFS.ZS,2021,17.6296569856584,% of GDP,https://api.worldbank.org/v2/country/PAN;CRI;COL;DOM;MEX;GTM/indicator/NE.EXP.GNFS.ZS,2026-10-06T18:46:40+00:00,CC BY 4.0
GTM,NE.EXP.GNFS.ZS,2022,18.9517853338562,% of GDP,https://api.worldbank.org/v2/country/PAN;CRI;COL;DOM;MEX;GTM/indicator/NE.EXP.GNFS.ZS,2026-10-06T18:46:40+00:00,CC BY 4.0
GTM,NE.EXP.GNFS.ZS,2023,16.6174908714024,% of GDP,https://api.worldbank.org/v2/country/PAN;CRI;COL;DOM;MEX;GTM/indicator/NE.EXP.GNFS.ZS,2026-10-06T18:46:40+00:00,CC BY 4.0
GTM,NE.EXP.GNFS.ZS,2024,15.8834632887959,% of GDP,https://api.worldbank.org/v2/country/PAN;CRI;COL;DOM;MEX;GTM/indicator/NE.EXP.GNFS.ZS,2026-10-06T18:46:40+00:00,CC BY 4.0
