id_serie,periodo,nombre,sector,valor,unidad,valor_base,periodo_base,variacion_pct,cuadro,pagina_pdf,fuente_url,sha256_pdf
SBP:credito_local:act_financieras_seguros,2024-01,Crédito local SBN · Act. Financieras y Seguros,act_financieras_seguros,1932.4,millones USD,1922.2,2023-01,0.5,Cuadro 7: Sistema Bancario Nacional,11,https://www.superbancos.gob.pa/documentos/financiera_y_estadistica/estudios/IAB/IAB-0124.pdf,3e3e166baf20d4a497e0f9d775f24338c575715a91281bf52b826a5ff24c17ca
SBP:credito_local:agricultura,2024-01,Crédito local SBN · Agricultura,agricultura,496.3,millones USD,490.7,2023-01,1.1,Cuadro 7: Sistema Bancario Nacional,11,https://www.superbancos.gob.pa/documentos/financiera_y_estadistica/estudios/IAB/IAB-0124.pdf,3e3e166baf20d4a497e0f9d775f24338c575715a91281bf52b826a5ff24c17ca
SBP:credito_local:comercio,2024-01,Crédito local SBN · Comercio,comercio,12213.3,millones USD,11624.4,2023-01,5.1,Cuadro 7: Sistema Bancario Nacional,11,https://www.superbancos.gob.pa/documentos/financiera_y_estadistica/estudios/IAB/IAB-0124.pdf,3e3e166baf20d4a497e0f9d775f24338c575715a91281bf52b826a5ff24c17ca
SBP:credito_local:construccion,2024-01,Crédito local SBN · Construcción,construccion,5010.7,millones USD,5070.8,2023-01,-1.2,Cuadro 7: Sistema Bancario Nacional,11,https://www.superbancos.gob.pa/documentos/financiera_y_estadistica/estudios/IAB/IAB-0124.pdf,3e3e166baf20d4a497e0f9d775f24338c575715a91281bf52b826a5ff24c17ca
SBP:credito_local:consumo_personal,2024-01,Crédito local SBN · Consumo Personal,consumo_personal,13816.0,millones USD,13095.2,2023-01,5.5,Cuadro 7: Sistema Bancario Nacional,11,https://www.superbancos.gob.pa/documentos/financiera_y_estadistica/estudios/IAB/IAB-0124.pdf,3e3e166baf20d4a497e0f9d775f24338c575715a91281bf52b826a5ff24c17ca
SBP:credito_local:ganaderia,2024-01,Crédito local SBN · Ganadería,ganaderia,1307.1,millones USD,1327.2,2023-01,-1.5,Cuadro 7: Sistema Bancario Nacional,11,https://www.superbancos.gob.pa/documentos/financiera_y_estadistica/estudios/IAB/IAB-0124.pdf,3e3e166baf20d4a497e0f9d775f24338c575715a91281bf52b826a5ff24c17ca
SBP:credito_local:hipotecario,2024-01,Crédito local SBN · Hipotecario,hipotecario,20631.3,millones USD,19916.3,2023-01,3.6,Cuadro 7: Sistema Bancario Nacional,11,https://www.superbancos.gob.pa/documentos/financiera_y_estadistica/estudios/IAB/IAB-0124.pdf,3e3e166baf20d4a497e0f9d775f24338c575715a91281bf52b826a5ff24c17ca
SBP:credito_local:industria,2024-01,Crédito local SBN · Industria,industria,3871.0,millones USD,3445.8,2023-01,12.3,Cuadro 7: Sistema Bancario Nacional,11,https://www.superbancos.gob.pa/documentos/financiera_y_estadistica/estudios/IAB/IAB-0124.pdf,3e3e166baf20d4a497e0f9d775f24338c575715a91281bf52b826a5ff24c17ca
SBP:credito_local:minas_canteras,2024-01,Crédito local SBN · Minas y Canteras,minas_canteras,57.9,millones USD,46.1,2023-01,25.7,Cuadro 7: Sistema Bancario Nacional,11,https://www.superbancos.gob.pa/documentos/financiera_y_estadistica/estudios/IAB/IAB-0124.pdf,3e3e166baf20d4a497e0f9d775f24338c575715a91281bf52b826a5ff24c17ca
SBP:credito_local:pesca,2024-01,Crédito local SBN · Pesca,pesca,117.0,millones USD,122.4,2023-01,-4.4,Cuadro 7: Sistema Bancario Nacional,11,https://www.superbancos.gob.pa/documentos/financiera_y_estadistica/estudios/IAB/IAB-0124.pdf,3e3e166baf20d4a497e0f9d775f24338c575715a91281bf52b826a5ff24c17ca
SBP:credito_local:sector_privado,2024-01,Crédito local SBN · Sector Privado,sector_privado,59453.0,millones USD,57061.0,2023-01,4.2,Cuadro 7: Sistema Bancario Nacional,11,https://www.superbancos.gob.pa/documentos/financiera_y_estadistica/estudios/IAB/IAB-0124.pdf,3e3e166baf20d4a497e0f9d775f24338c575715a91281bf52b826a5ff24c17ca
SBP:credito_local:sector_publico,2024-01,Crédito local SBN · Sector Público,sector_publico,1538.9,millones USD,1578.7,2023-01,-2.5,Cuadro 7: Sistema Bancario Nacional,11,https://www.superbancos.gob.pa/documentos/financiera_y_estadistica/estudios/IAB/IAB-0124.pdf,3e3e166baf20d4a497e0f9d775f24338c575715a91281bf52b826a5ff24c17ca
SBP:credito_local:total,2024-01,Crédito local SBN · Total,total,60991.9,millones USD,58639.7,2023-01,4.0,Cuadro 7: Sistema Bancario Nacional,11,https://www.superbancos.gob.pa/documentos/financiera_y_estadistica/estudios/IAB/IAB-0124.pdf,3e3e166baf20d4a497e0f9d775f24338c575715a91281bf52b826a5ff24c17ca
SBP:credito_local:act_financieras_seguros,2024-02,Crédito local SBN · Act. Financieras y Seguros,act_financieras_seguros,2006.1,millones USD,1799.4,2023-02,11.5,Cuadro 5: Sistema Bancario Nacional,12,https://www.superbancos.gob.pa/documentos/financiera_y_estadistica/estudios/IAB/IAB-0224.pdf,47f272772c012da5c791be9613a6197f10f30806673ca3ca18576d43e205c559
SBP:credito_local:agricultura,2024-02,Crédito local SBN · Agricultura,agricultura,497.1,millones USD,486.4,2023-02,2.2,Cuadro 5: Sistema Bancario Nacional,12,https://www.superbancos.gob.pa/documentos/financiera_y_estadistica/estudios/IAB/IAB-0224.pdf,47f272772c012da5c791be9613a6197f10f30806673ca3ca18576d43e205c559
SBP:credito_local:comercio,2024-02,Crédito local SBN · Comercio,comercio,12216.6,millones USD,11583.6,2023-02,5.5,Cuadro 5: Sistema Bancario Nacional,12,https://www.superbancos.gob.pa/documentos/financiera_y_estadistica/estudios/IAB/IAB-0224.pdf,47f272772c012da5c791be9613a6197f10f30806673ca3ca18576d43e205c559
SBP:credito_local:construccion,2024-02,Crédito local SBN · Construcción,construccion,4996.7,millones USD,5066.9,2023-02,-1.4,Cuadro 5: Sistema Bancario Nacional,12,https://www.superbancos.gob.pa/documentos/financiera_y_estadistica/estudios/IAB/IAB-0224.pdf,47f272772c012da5c791be9613a6197f10f30806673ca3ca18576d43e205c559
SBP:credito_local:consumo_personal,2024-02,Crédito local SBN · Consumo Personal,consumo_personal,13855.6,millones USD,13130.6,2023-02,5.5,Cuadro 5: Sistema Bancario Nacional,12,https://www.superbancos.gob.pa/documentos/financiera_y_estadistica/estudios/IAB/IAB-0224.pdf,47f272772c012da5c791be9613a6197f10f30806673ca3ca18576d43e205c559
SBP:credito_local:ganaderia,2024-02,Crédito local SBN · Ganadería,ganaderia,1301.0,millones USD,1324.1,2023-02,-1.7,Cuadro 5: Sistema Bancario Nacional,12,https://www.superbancos.gob.pa/documentos/financiera_y_estadistica/estudios/IAB/IAB-0224.pdf,47f272772c012da5c791be9613a6197f10f30806673ca3ca18576d43e205c559
SBP:credito_local:hipotecario,2024-02,Crédito local SBN · Hipotecario,hipotecario,20690.5,millones USD,19967.2,2023-02,3.6,Cuadro 5: Sistema Bancario Nacional,12,https://www.superbancos.gob.pa/documentos/financiera_y_estadistica/estudios/IAB/IAB-0224.pdf,47f272772c012da5c791be9613a6197f10f30806673ca3ca18576d43e205c559
SBP:credito_local:industria,2024-02,Crédito local SBN · Industria,industria,3941.8,millones USD,3394.1,2023-02,16.1,Cuadro 5: Sistema Bancario Nacional,12,https://www.superbancos.gob.pa/documentos/financiera_y_estadistica/estudios/IAB/IAB-0224.pdf,47f272772c012da5c791be9613a6197f10f30806673ca3ca18576d43e205c559
SBP:credito_local:minas_canteras,2024-02,Crédito local SBN · Minas y Canteras,minas_canteras,57.5,millones USD,47.8,2023-02,20.4,Cuadro 5: Sistema Bancario Nacional,12,https://www.superbancos.gob.pa/documentos/financiera_y_estadistica/estudios/IAB/IAB-0224.pdf,47f272772c012da5c791be9613a6197f10f30806673ca3ca18576d43e205c559
SBP:credito_local:pesca,2024-02,Crédito local SBN · Pesca,pesca,114.9,millones USD,123.2,2023-02,-6.7,Cuadro 5: Sistema Bancario Nacional,12,https://www.superbancos.gob.pa/documentos/financiera_y_estadistica/estudios/IAB/IAB-0224.pdf,47f272772c012da5c791be9613a6197f10f30806673ca3ca18576d43e205c559
SBP:credito_local:sector_privado,2024-02,Crédito local SBN · Sector Privado,sector_privado,59678.0,millones USD,56923.4,2023-02,4.8,Cuadro 5: Sistema Bancario Nacional,12,https://www.superbancos.gob.pa/documentos/financiera_y_estadistica/estudios/IAB/IAB-0224.pdf,47f272772c012da5c791be9613a6197f10f30806673ca3ca18576d43e205c559
SBP:credito_local:sector_publico,2024-02,Crédito local SBN · Sector Público,sector_publico,1547.8,millones USD,1569.8,2023-02,-1.4,Cuadro 5: Sistema Bancario Nacional,12,https://www.superbancos.gob.pa/documentos/financiera_y_estadistica/estudios/IAB/IAB-0224.pdf,47f272772c012da5c791be9613a6197f10f30806673ca3ca18576d43e205c559
SBP:credito_local:total,2024-02,Crédito local SBN · Total,total,61225.8,millones USD,58493.2,2023-02,4.7,Cuadro 5: Sistema Bancario Nacional,12,https://www.superbancos.gob.pa/documentos/financiera_y_estadistica/estudios/IAB/IAB-0224.pdf,47f272772c012da5c791be9613a6197f10f30806673ca3ca18576d43e205c559
SBP:credito_local:act_financieras_seguros,2024-03,Crédito local SBN · Act. Financieras y Seguros,act_financieras_seguros,1883.0,millones USD,1762.0,2023-03,6.9,Cuadro 7: Sistema Bancario Nacional,13,https://www.superbancos.gob.pa/documentos/financiera_y_estadistica/estudios/IAB/IAB-0324.pdf,0c9b93fcdd83d76fcffcab4b719a0530805a7224fcad087ef53cc5f536a2a403
SBP:credito_local:agricultura,2024-03,Crédito local SBN · Agricultura,agricultura,534.0,millones USD,495.0,2023-03,7.9,Cuadro 7: Sistema Bancario Nacional,13,https://www.superbancos.gob.pa/documentos/financiera_y_estadistica/estudios/IAB/IAB-0324.pdf,0c9b93fcdd83d76fcffcab4b719a0530805a7224fcad087ef53cc5f536a2a403
SBP:credito_local:comercio,2024-03,Crédito local SBN · Comercio,comercio,12574.0,millones USD,11663.0,2023-03,7.8,Cuadro 7: Sistema Bancario Nacional,13,https://www.superbancos.gob.pa/documentos/financiera_y_estadistica/estudios/IAB/IAB-0324.pdf,0c9b93fcdd83d76fcffcab4b719a0530805a7224fcad087ef53cc5f536a2a403
SBP:credito_local:construccion,2024-03,Crédito local SBN · Construcción,construccion,4895.0,millones USD,4990.0,2023-03,-1.9,Cuadro 7: Sistema Bancario Nacional,13,https://www.superbancos.gob.pa/documentos/financiera_y_estadistica/estudios/IAB/IAB-0324.pdf,0c9b93fcdd83d76fcffcab4b719a0530805a7224fcad087ef53cc5f536a2a403
SBP:credito_local:consumo_personal,2024-03,Crédito local SBN · Consumo Personal,consumo_personal,13799.0,millones USD,13153.0,2023-03,4.9,Cuadro 7: Sistema Bancario Nacional,13,https://www.superbancos.gob.pa/documentos/financiera_y_estadistica/estudios/IAB/IAB-0324.pdf,0c9b93fcdd83d76fcffcab4b719a0530805a7224fcad087ef53cc5f536a2a403
SBP:credito_local:ganaderia,2024-03,Crédito local SBN · Ganadería,ganaderia,1303.0,millones USD,1342.0,2023-03,-2.9,Cuadro 7: Sistema Bancario Nacional,13,https://www.superbancos.gob.pa/documentos/financiera_y_estadistica/estudios/IAB/IAB-0324.pdf,0c9b93fcdd83d76fcffcab4b719a0530805a7224fcad087ef53cc5f536a2a403
SBP:credito_local:hipotecario,2024-03,Crédito local SBN · Hipotecario,hipotecario,20736.0,millones USD,20022.0,2023-03,3.6,Cuadro 7: Sistema Bancario Nacional,13,https://www.superbancos.gob.pa/documentos/financiera_y_estadistica/estudios/IAB/IAB-0324.pdf,0c9b93fcdd83d76fcffcab4b719a0530805a7224fcad087ef53cc5f536a2a403
SBP:credito_local:industria,2024-03,Crédito local SBN · Industria,industria,4027.0,millones USD,3365.0,2023-03,19.7,Cuadro 7: Sistema Bancario Nacional,13,https://www.superbancos.gob.pa/documentos/financiera_y_estadistica/estudios/IAB/IAB-0324.pdf,0c9b93fcdd83d76fcffcab4b719a0530805a7224fcad087ef53cc5f536a2a403
SBP:credito_local:minas_canteras,2024-03,Crédito local SBN · Minas y Canteras,minas_canteras,40.0,millones USD,64.0,2023-03,-37.3,Cuadro 7: Sistema Bancario Nacional,13,https://www.superbancos.gob.pa/documentos/financiera_y_estadistica/estudios/IAB/IAB-0324.pdf,0c9b93fcdd83d76fcffcab4b719a0530805a7224fcad087ef53cc5f536a2a403
SBP:credito_local:pesca,2024-03,Crédito local SBN · Pesca,pesca,104.0,millones USD,123.0,2023-03,-15.4,Cuadro 7: Sistema Bancario Nacional,13,https://www.superbancos.gob.pa/documentos/financiera_y_estadistica/estudios/IAB/IAB-0324.pdf,0c9b93fcdd83d76fcffcab4b719a0530805a7224fcad087ef53cc5f536a2a403
SBP:credito_local:sector_privado,2024-03,Crédito local SBN · Sector Privado,sector_privado,59895.0,millones USD,56978.0,2023-03,5.1,Cuadro 7: Sistema Bancario Nacional,13,https://www.superbancos.gob.pa/documentos/financiera_y_estadistica/estudios/IAB/IAB-0324.pdf,0c9b93fcdd83d76fcffcab4b719a0530805a7224fcad087ef53cc5f536a2a403
SBP:credito_local:sector_publico,2024-03,Crédito local SBN · Sector Público,sector_publico,1486.0,millones USD,1502.0,2023-03,-1.1,Cuadro 7: Sistema Bancario Nacional,13,https://www.superbancos.gob.pa/documentos/financiera_y_estadistica/estudios/IAB/IAB-0324.pdf,0c9b93fcdd83d76fcffcab4b719a0530805a7224fcad087ef53cc5f536a2a403
SBP:credito_local:total,2024-03,Crédito local SBN · Total,total,61380.0,millones USD,58480.0,2023-03,5.0,Cuadro 7: Sistema Bancario Nacional,13,https://www.superbancos.gob.pa/documentos/financiera_y_estadistica/estudios/IAB/IAB-0324.pdf,0c9b93fcdd83d76fcffcab4b719a0530805a7224fcad087ef53cc5f536a2a403
SBP:credito_local:act_financieras_seguros,2024-04,Crédito local SBN · Act. Financieras y Seguros,act_financieras_seguros,2152.0,millones USD,1680.0,2023-04,28.1,Cuadro 7: Sistema Bancario Nacional,13,https://www.superbancos.gob.pa/documentos/financiera_y_estadistica/estudios/IAB/IAB-0424.pdf,d3436a4df9e525ef9fdde407bdb9cf2ba7739d9ddd9442f2051708e8aead3ee3
SBP:credito_local:agricultura,2024-04,Crédito local SBN · Agricultura,agricultura,536.0,millones USD,496.0,2023-04,8.0,Cuadro 7: Sistema Bancario Nacional,13,https://www.superbancos.gob.pa/documentos/financiera_y_estadistica/estudios/IAB/IAB-0424.pdf,d3436a4df9e525ef9fdde407bdb9cf2ba7739d9ddd9442f2051708e8aead3ee3
SBP:credito_local:comercio,2024-04,Crédito local SBN · Comercio,comercio,12411.0,millones USD,11752.0,2023-04,5.6,Cuadro 7: Sistema Bancario Nacional,13,https://www.superbancos.gob.pa/documentos/financiera_y_estadistica/estudios/IAB/IAB-0424.pdf,d3436a4df9e525ef9fdde407bdb9cf2ba7739d9ddd9442f2051708e8aead3ee3
SBP:credito_local:construccion,2024-04,Crédito local SBN · Construcción,construccion,4997.0,millones USD,4992.0,2023-04,0.1,Cuadro 7: Sistema Bancario Nacional,13,https://www.superbancos.gob.pa/documentos/financiera_y_estadistica/estudios/IAB/IAB-0424.pdf,d3436a4df9e525ef9fdde407bdb9cf2ba7739d9ddd9442f2051708e8aead3ee3
SBP:credito_local:consumo_personal,2024-04,Crédito local SBN · Consumo Personal,consumo_personal,13828.0,millones USD,13200.0,2023-04,4.8,Cuadro 7: Sistema Bancario Nacional,13,https://www.superbancos.gob.pa/documentos/financiera_y_estadistica/estudios/IAB/IAB-0424.pdf,d3436a4df9e525ef9fdde407bdb9cf2ba7739d9ddd9442f2051708e8aead3ee3
SBP:credito_local:ganaderia,2024-04,Crédito local SBN · Ganadería,ganaderia,1307.0,millones USD,1339.0,2023-04,-2.4,Cuadro 7: Sistema Bancario Nacional,13,https://www.superbancos.gob.pa/documentos/financiera_y_estadistica/estudios/IAB/IAB-0424.pdf,d3436a4df9e525ef9fdde407bdb9cf2ba7739d9ddd9442f2051708e8aead3ee3
SBP:credito_local:hipotecario,2024-04,Crédito local SBN · Hipotecario,hipotecario,20803.0,millones USD,20062.0,2023-04,3.7,Cuadro 7: Sistema Bancario Nacional,13,https://www.superbancos.gob.pa/documentos/financiera_y_estadistica/estudios/IAB/IAB-0424.pdf,d3436a4df9e525ef9fdde407bdb9cf2ba7739d9ddd9442f2051708e8aead3ee3
SBP:credito_local:industria,2024-04,Crédito local SBN · Industria,industria,3974.0,millones USD,3373.0,2023-04,17.8,Cuadro 7: Sistema Bancario Nacional,13,https://www.superbancos.gob.pa/documentos/financiera_y_estadistica/estudios/IAB/IAB-0424.pdf,d3436a4df9e525ef9fdde407bdb9cf2ba7739d9ddd9442f2051708e8aead3ee3
SBP:credito_local:minas_canteras,2024-04,Crédito local SBN · Minas y Canteras,minas_canteras,57.0,millones USD,63.0,2023-04,-9.9,Cuadro 7: Sistema Bancario Nacional,13,https://www.superbancos.gob.pa/documentos/financiera_y_estadistica/estudios/IAB/IAB-0424.pdf,d3436a4df9e525ef9fdde407bdb9cf2ba7739d9ddd9442f2051708e8aead3ee3
SBP:credito_local:pesca,2024-04,Crédito local SBN · Pesca,pesca,102.0,millones USD,122.0,2023-04,-16.1,Cuadro 7: Sistema Bancario Nacional,13,https://www.superbancos.gob.pa/documentos/financiera_y_estadistica/estudios/IAB/IAB-0424.pdf,d3436a4df9e525ef9fdde407bdb9cf2ba7739d9ddd9442f2051708e8aead3ee3
SBP:credito_local:sector_privado,2024-04,Crédito local SBN · Sector Privado,sector_privado,60165.0,millones USD,57080.0,2023-04,5.4,Cuadro 7: Sistema Bancario Nacional,13,https://www.superbancos.gob.pa/documentos/financiera_y_estadistica/estudios/IAB/IAB-0424.pdf,d3436a4df9e525ef9fdde407bdb9cf2ba7739d9ddd9442f2051708e8aead3ee3
SBP:credito_local:sector_publico,2024-04,Crédito local SBN · Sector Público,sector_publico,1419.0,millones USD,1553.0,2023-04,-8.6,Cuadro 7: Sistema Bancario Nacional,13,https://www.superbancos.gob.pa/documentos/financiera_y_estadistica/estudios/IAB/IAB-0424.pdf,d3436a4df9e525ef9fdde407bdb9cf2ba7739d9ddd9442f2051708e8aead3ee3
SBP:credito_local:total,2024-04,Crédito local SBN · Total,total,61584.0,millones USD,58633.0,2023-04,5.0,Cuadro 7: Sistema Bancario Nacional,13,https://www.superbancos.gob.pa/documentos/financiera_y_estadistica/estudios/IAB/IAB-0424.pdf,d3436a4df9e525ef9fdde407bdb9cf2ba7739d9ddd9442f2051708e8aead3ee3
SBP:credito_local:act_financieras_seguros,2024-05,Crédito local SBN · Act. Financieras y Seguros,act_financieras_seguros,1994.0,millones USD,1647.0,2023-05,21.1,Cuadro 7: Sistema Bancario Nacional,13,https://www.superbancos.gob.pa/documentos/financiera_y_estadistica/estudios/IAB/IAB-0524.pdf,b8d48dcad8642d64b32bd45b8dae10b103a8b1fcbc487f5ce82870b9d7091ca7
SBP:credito_local:agricultura,2024-05,Crédito local SBN · Agricultura,agricultura,535.0,millones USD,497.0,2023-05,7.7,Cuadro 7: Sistema Bancario Nacional,13,https://www.superbancos.gob.pa/documentos/financiera_y_estadistica/estudios/IAB/IAB-0524.pdf,b8d48dcad8642d64b32bd45b8dae10b103a8b1fcbc487f5ce82870b9d7091ca7
SBP:credito_local:comercio,2024-05,Crédito local SBN · Comercio,comercio,12709.0,millones USD,11964.0,2023-05,6.2,Cuadro 7: Sistema Bancario Nacional,13,https://www.superbancos.gob.pa/documentos/financiera_y_estadistica/estudios/IAB/IAB-0524.pdf,b8d48dcad8642d64b32bd45b8dae10b103a8b1fcbc487f5ce82870b9d7091ca7
SBP:credito_local:construccion,2024-05,Crédito local SBN · Construcción,construccion,4889.0,millones USD,4995.0,2023-05,-2.1,Cuadro 7: Sistema Bancario Nacional,13,https://www.superbancos.gob.pa/documentos/financiera_y_estadistica/estudios/IAB/IAB-0524.pdf,b8d48dcad8642d64b32bd45b8dae10b103a8b1fcbc487f5ce82870b9d7091ca7
SBP:credito_local:consumo_personal,2024-05,Crédito local SBN · Consumo Personal,consumo_personal,13874.0,millones USD,13242.0,2023-05,4.8,Cuadro 7: Sistema Bancario Nacional,13,https://www.superbancos.gob.pa/documentos/financiera_y_estadistica/estudios/IAB/IAB-0524.pdf,b8d48dcad8642d64b32bd45b8dae10b103a8b1fcbc487f5ce82870b9d7091ca7
SBP:credito_local:ganaderia,2024-05,Crédito local SBN · Ganadería,ganaderia,1310.0,millones USD,1330.0,2023-05,-1.5,Cuadro 7: Sistema Bancario Nacional,13,https://www.superbancos.gob.pa/documentos/financiera_y_estadistica/estudios/IAB/IAB-0524.pdf,b8d48dcad8642d64b32bd45b8dae10b103a8b1fcbc487f5ce82870b9d7091ca7
SBP:credito_local:hipotecario,2024-05,Crédito local SBN · Hipotecario,hipotecario,20858.0,millones USD,20139.0,2023-05,3.6,Cuadro 7: Sistema Bancario Nacional,13,https://www.superbancos.gob.pa/documentos/financiera_y_estadistica/estudios/IAB/IAB-0524.pdf,b8d48dcad8642d64b32bd45b8dae10b103a8b1fcbc487f5ce82870b9d7091ca7
SBP:credito_local:industria,2024-05,Crédito local SBN · Industria,industria,4054.0,millones USD,3399.0,2023-05,19.3,Cuadro 7: Sistema Bancario Nacional,13,https://www.superbancos.gob.pa/documentos/financiera_y_estadistica/estudios/IAB/IAB-0524.pdf,b8d48dcad8642d64b32bd45b8dae10b103a8b1fcbc487f5ce82870b9d7091ca7
SBP:credito_local:minas_canteras,2024-05,Crédito local SBN · Minas y Canteras,minas_canteras,39.0,millones USD,63.0,2023-05,-38.5,Cuadro 7: Sistema Bancario Nacional,13,https://www.superbancos.gob.pa/documentos/financiera_y_estadistica/estudios/IAB/IAB-0524.pdf,b8d48dcad8642d64b32bd45b8dae10b103a8b1fcbc487f5ce82870b9d7091ca7
SBP:credito_local:pesca,2024-05,Crédito local SBN · Pesca,pesca,96.0,millones USD,119.0,2023-05,-19.6,Cuadro 7: Sistema Bancario Nacional,13,https://www.superbancos.gob.pa/documentos/financiera_y_estadistica/estudios/IAB/IAB-0524.pdf,b8d48dcad8642d64b32bd45b8dae10b103a8b1fcbc487f5ce82870b9d7091ca7
SBP:credito_local:sector_privado,2024-05,Crédito local SBN · Sector Privado,sector_privado,60357.0,millones USD,57394.0,2023-05,5.2,Cuadro 7: Sistema Bancario Nacional,13,https://www.superbancos.gob.pa/documentos/financiera_y_estadistica/estudios/IAB/IAB-0524.pdf,b8d48dcad8642d64b32bd45b8dae10b103a8b1fcbc487f5ce82870b9d7091ca7
SBP:credito_local:sector_publico,2024-05,Crédito local SBN · Sector Público,sector_publico,1502.0,millones USD,1587.0,2023-05,-5.4,Cuadro 7: Sistema Bancario Nacional,13,https://www.superbancos.gob.pa/documentos/financiera_y_estadistica/estudios/IAB/IAB-0524.pdf,b8d48dcad8642d64b32bd45b8dae10b103a8b1fcbc487f5ce82870b9d7091ca7
SBP:credito_local:total,2024-05,Crédito local SBN · Total,total,61859.0,millones USD,58981.0,2023-05,4.9,Cuadro 7: Sistema Bancario Nacional,13,https://www.superbancos.gob.pa/documentos/financiera_y_estadistica/estudios/IAB/IAB-0524.pdf,b8d48dcad8642d64b32bd45b8dae10b103a8b1fcbc487f5ce82870b9d7091ca7
SBP:credito_local:act_financieras_seguros,2024-06,Crédito local SBN · Act. Financieras y Seguros,act_financieras_seguros,2131.0,millones USD,1637.0,2023-06,30.2,Cuadro 5: Sistema Bancario Nacional,12,https://www.superbancos.gob.pa/documentos/financiera_y_estadistica/estudios/IAB/IAB-0624.pdf,9e3fa6ef64e6b5858b4692f3db3ce8f5bcdae433e4e3e9bf0574e3dfff105ce5
SBP:credito_local:agricultura,2024-06,Crédito local SBN · Agricultura,agricultura,543.0,millones USD,493.0,2023-06,10.1,Cuadro 5: Sistema Bancario Nacional,12,https://www.superbancos.gob.pa/documentos/financiera_y_estadistica/estudios/IAB/IAB-0624.pdf,9e3fa6ef64e6b5858b4692f3db3ce8f5bcdae433e4e3e9bf0574e3dfff105ce5
SBP:credito_local:comercio,2024-06,Crédito local SBN · Comercio,comercio,12704.0,millones USD,11829.0,2023-06,7.4,Cuadro 5: Sistema Bancario Nacional,12,https://www.superbancos.gob.pa/documentos/financiera_y_estadistica/estudios/IAB/IAB-0624.pdf,9e3fa6ef64e6b5858b4692f3db3ce8f5bcdae433e4e3e9bf0574e3dfff105ce5
SBP:credito_local:construccion,2024-06,Crédito local SBN · Construcción,construccion,4981.0,millones USD,5093.0,2023-06,-2.2,Cuadro 5: Sistema Bancario Nacional,12,https://www.superbancos.gob.pa/documentos/financiera_y_estadistica/estudios/IAB/IAB-0624.pdf,9e3fa6ef64e6b5858b4692f3db3ce8f5bcdae433e4e3e9bf0574e3dfff105ce5
SBP:credito_local:consumo_personal,2024-06,Crédito local SBN · Consumo Personal,consumo_personal,13948.0,millones USD,13309.0,2023-06,4.8,Cuadro 5: Sistema Bancario Nacional,12,https://www.superbancos.gob.pa/documentos/financiera_y_estadistica/estudios/IAB/IAB-0624.pdf,9e3fa6ef64e6b5858b4692f3db3ce8f5bcdae433e4e3e9bf0574e3dfff105ce5
SBP:credito_local:ganaderia,2024-06,Crédito local SBN · Ganadería,ganaderia,1305.0,millones USD,1328.0,2023-06,-1.8,Cuadro 5: Sistema Bancario Nacional,12,https://www.superbancos.gob.pa/documentos/financiera_y_estadistica/estudios/IAB/IAB-0624.pdf,9e3fa6ef64e6b5858b4692f3db3ce8f5bcdae433e4e3e9bf0574e3dfff105ce5
SBP:credito_local:hipotecario,2024-06,Crédito local SBN · Hipotecario,hipotecario,20938.0,millones USD,20236.0,2023-06,3.5,Cuadro 5: Sistema Bancario Nacional,12,https://www.superbancos.gob.pa/documentos/financiera_y_estadistica/estudios/IAB/IAB-0624.pdf,9e3fa6ef64e6b5858b4692f3db3ce8f5bcdae433e4e3e9bf0574e3dfff105ce5
SBP:credito_local:industria,2024-06,Crédito local SBN · Industria,industria,4017.0,millones USD,3498.0,2023-06,14.9,Cuadro 5: Sistema Bancario Nacional,12,https://www.superbancos.gob.pa/documentos/financiera_y_estadistica/estudios/IAB/IAB-0624.pdf,9e3fa6ef64e6b5858b4692f3db3ce8f5bcdae433e4e3e9bf0574e3dfff105ce5
SBP:credito_local:minas_canteras,2024-06,Crédito local SBN · Minas y Canteras,minas_canteras,57.0,millones USD,59.0,2023-06,-4.4,Cuadro 5: Sistema Bancario Nacional,12,https://www.superbancos.gob.pa/documentos/financiera_y_estadistica/estudios/IAB/IAB-0624.pdf,9e3fa6ef64e6b5858b4692f3db3ce8f5bcdae433e4e3e9bf0574e3dfff105ce5
SBP:credito_local:pesca,2024-06,Crédito local SBN · Pesca,pesca,94.0,millones USD,119.0,2023-06,-21.1,Cuadro 5: Sistema Bancario Nacional,12,https://www.superbancos.gob.pa/documentos/financiera_y_estadistica/estudios/IAB/IAB-0624.pdf,9e3fa6ef64e6b5858b4692f3db3ce8f5bcdae433e4e3e9bf0574e3dfff105ce5
SBP:credito_local:sector_privado,2024-06,Crédito local SBN · Sector Privado,sector_privado,60719.0,millones USD,57602.0,2023-06,5.4,Cuadro 5: Sistema Bancario Nacional,12,https://www.superbancos.gob.pa/documentos/financiera_y_estadistica/estudios/IAB/IAB-0624.pdf,9e3fa6ef64e6b5858b4692f3db3ce8f5bcdae433e4e3e9bf0574e3dfff105ce5
SBP:credito_local:sector_publico,2024-06,Crédito local SBN · Sector Público,sector_publico,2167.0,millones USD,2012.0,2023-06,7.7,Cuadro 5: Sistema Bancario Nacional,12,https://www.superbancos.gob.pa/documentos/financiera_y_estadistica/estudios/IAB/IAB-0624.pdf,9e3fa6ef64e6b5858b4692f3db3ce8f5bcdae433e4e3e9bf0574e3dfff105ce5
SBP:credito_local:total,2024-06,Crédito local SBN · Total,total,62885.0,millones USD,59614.0,2023-06,5.5,Cuadro 5: Sistema Bancario Nacional,12,https://www.superbancos.gob.pa/documentos/financiera_y_estadistica/estudios/IAB/IAB-0624.pdf,9e3fa6ef64e6b5858b4692f3db3ce8f5bcdae433e4e3e9bf0574e3dfff105ce5
SBP:credito_local:act_financieras_seguros,2024-07,Crédito local SBN · Act. Financieras y Seguros,act_financieras_seguros,2161.0,millones USD,1620.0,2023-07,33.44,Cuadro 5: Sistema Bancario Nacional,13,https://www.superbancos.gob.pa/documentos/financiera_y_estadistica/estudios/IAB/IAB-0724.pdf,6ddb6d1f7c40c4fbeff18517b727e7bfb093d2ef10a8bc2d1a15559c55a95a47
SBP:credito_local:agricultura,2024-07,Crédito local SBN · Agricultura,agricultura,542.0,millones USD,490.0,2023-07,10.72,Cuadro 5: Sistema Bancario Nacional,13,https://www.superbancos.gob.pa/documentos/financiera_y_estadistica/estudios/IAB/IAB-0724.pdf,6ddb6d1f7c40c4fbeff18517b727e7bfb093d2ef10a8bc2d1a15559c55a95a47
SBP:credito_local:comercio,2024-07,Crédito local SBN · Comercio,comercio,12834.0,millones USD,11856.0,2023-07,8.25,Cuadro 5: Sistema Bancario Nacional,13,https://www.superbancos.gob.pa/documentos/financiera_y_estadistica/estudios/IAB/IAB-0724.pdf,6ddb6d1f7c40c4fbeff18517b727e7bfb093d2ef10a8bc2d1a15559c55a95a47
SBP:credito_local:construccion,2024-07,Crédito local SBN · Construcción,construccion,4931.0,millones USD,5051.0,2023-07,-2.38,Cuadro 5: Sistema Bancario Nacional,13,https://www.superbancos.gob.pa/documentos/financiera_y_estadistica/estudios/IAB/IAB-0724.pdf,6ddb6d1f7c40c4fbeff18517b727e7bfb093d2ef10a8bc2d1a15559c55a95a47
SBP:credito_local:consumo_personal,2024-07,Crédito local SBN · Consumo Personal,consumo_personal,13948.0,millones USD,13356.0,2023-07,4.43,Cuadro 5: Sistema Bancario Nacional,13,https://www.superbancos.gob.pa/documentos/financiera_y_estadistica/estudios/IAB/IAB-0724.pdf,6ddb6d1f7c40c4fbeff18517b727e7bfb093d2ef10a8bc2d1a15559c55a95a47
SBP:credito_local:ganaderia,2024-07,Crédito local SBN · Ganadería,ganaderia,1302.0,millones USD,1320.0,2023-07,-1.35,Cuadro 5: Sistema Bancario Nacional,13,https://www.superbancos.gob.pa/documentos/financiera_y_estadistica/estudios/IAB/IAB-0724.pdf,6ddb6d1f7c40c4fbeff18517b727e7bfb093d2ef10a8bc2d1a15559c55a95a47
SBP:credito_local:hipotecario,2024-07,Crédito local SBN · Hipotecario,hipotecario,20988.0,millones USD,20285.0,2023-07,3.47,Cuadro 5: Sistema Bancario Nacional,13,https://www.superbancos.gob.pa/documentos/financiera_y_estadistica/estudios/IAB/IAB-0724.pdf,6ddb6d1f7c40c4fbeff18517b727e7bfb093d2ef10a8bc2d1a15559c55a95a47
SBP:credito_local:industria,2024-07,Crédito local SBN · Industria,industria,4051.0,millones USD,3535.0,2023-07,14.58,Cuadro 5: Sistema Bancario Nacional,13,https://www.superbancos.gob.pa/documentos/financiera_y_estadistica/estudios/IAB/IAB-0724.pdf,6ddb6d1f7c40c4fbeff18517b727e7bfb093d2ef10a8bc2d1a15559c55a95a47
SBP:credito_local:minas_canteras,2024-07,Crédito local SBN · Minas y Canteras,minas_canteras,40.0,millones USD,59.0,2023-07,-31.11,Cuadro 5: Sistema Bancario Nacional,13,https://www.superbancos.gob.pa/documentos/financiera_y_estadistica/estudios/IAB/IAB-0724.pdf,6ddb6d1f7c40c4fbeff18517b727e7bfb093d2ef10a8bc2d1a15559c55a95a47
SBP:credito_local:pesca,2024-07,Crédito local SBN · Pesca,pesca,94.0,millones USD,116.0,2023-07,-18.87,Cuadro 5: Sistema Bancario Nacional,13,https://www.superbancos.gob.pa/documentos/financiera_y_estadistica/estudios/IAB/IAB-0724.pdf,6ddb6d1f7c40c4fbeff18517b727e7bfb093d2ef10a8bc2d1a15559c55a95a47
SBP:credito_local:sector_privado,2024-07,Crédito local SBN · Sector Privado,sector_privado,60892.0,millones USD,57687.0,2023-07,5.56,Cuadro 5: Sistema Bancario Nacional,13,https://www.superbancos.gob.pa/documentos/financiera_y_estadistica/estudios/IAB/IAB-0724.pdf,6ddb6d1f7c40c4fbeff18517b727e7bfb093d2ef10a8bc2d1a15559c55a95a47
SBP:credito_local:sector_publico,2024-07,Crédito local SBN · Sector Público,sector_publico,1953.0,millones USD,2097.0,2023-07,-6.83,Cuadro 5: Sistema Bancario Nacional,13,https://www.superbancos.gob.pa/documentos/financiera_y_estadistica/estudios/IAB/IAB-0724.pdf,6ddb6d1f7c40c4fbeff18517b727e7bfb093d2ef10a8bc2d1a15559c55a95a47
SBP:credito_local:total,2024-07,Crédito local SBN · Total,total,62846.0,millones USD,59784.0,2023-07,5.12,Cuadro 5: Sistema Bancario Nacional,13,https://www.superbancos.gob.pa/documentos/financiera_y_estadistica/estudios/IAB/IAB-0724.pdf,6ddb6d1f7c40c4fbeff18517b727e7bfb093d2ef10a8bc2d1a15559c55a95a47
SBP:credito_local:act_financieras_seguros,2024-08,Crédito local SBN · Act. Financieras y Seguros,act_financieras_seguros,2142.0,millones USD,1716.0,2023-08,24.9,Cuadro 5: Sistema Bancario Nacional,15,https://www.superbancos.gob.pa/documentos/financiera_y_estadistica/estudios/IAB/IAB-0824.pdf,5f97e299513066dd8ddd5084c4bd048f21c6b0d406461d07af13f1bc2350748a
SBP:credito_local:agricultura,2024-08,Crédito local SBN · Agricultura,agricultura,537.0,millones USD,495.0,2023-08,8.6,Cuadro 5: Sistema Bancario Nacional,15,https://www.superbancos.gob.pa/documentos/financiera_y_estadistica/estudios/IAB/IAB-0824.pdf,5f97e299513066dd8ddd5084c4bd048f21c6b0d406461d07af13f1bc2350748a
SBP:credito_local:comercio,2024-08,Crédito local SBN · Comercio,comercio,13091.0,millones USD,11949.0,2023-08,9.6,Cuadro 5: Sistema Bancario Nacional,15,https://www.superbancos.gob.pa/documentos/financiera_y_estadistica/estudios/IAB/IAB-0824.pdf,5f97e299513066dd8ddd5084c4bd048f21c6b0d406461d07af13f1bc2350748a
SBP:credito_local:construccion,2024-08,Crédito local SBN · Construcción,construccion,4923.0,millones USD,5082.0,2023-08,-3.1,Cuadro 5: Sistema Bancario Nacional,15,https://www.superbancos.gob.pa/documentos/financiera_y_estadistica/estudios/IAB/IAB-0824.pdf,5f97e299513066dd8ddd5084c4bd048f21c6b0d406461d07af13f1bc2350748a
SBP:credito_local:consumo_personal,2024-08,Crédito local SBN · Consumo Personal,consumo_personal,13993.0,millones USD,13415.0,2023-08,4.3,Cuadro 5: Sistema Bancario Nacional,15,https://www.superbancos.gob.pa/documentos/financiera_y_estadistica/estudios/IAB/IAB-0824.pdf,5f97e299513066dd8ddd5084c4bd048f21c6b0d406461d07af13f1bc2350748a
SBP:credito_local:ganaderia,2024-08,Crédito local SBN · Ganadería,ganaderia,1275.0,millones USD,1317.0,2023-08,-3.2,Cuadro 5: Sistema Bancario Nacional,15,https://www.superbancos.gob.pa/documentos/financiera_y_estadistica/estudios/IAB/IAB-0824.pdf,5f97e299513066dd8ddd5084c4bd048f21c6b0d406461d07af13f1bc2350748a
SBP:credito_local:hipotecario,2024-08,Crédito local SBN · Hipotecario,hipotecario,20911.0,millones USD,20347.0,2023-08,2.8,Cuadro 5: Sistema Bancario Nacional,15,https://www.superbancos.gob.pa/documentos/financiera_y_estadistica/estudios/IAB/IAB-0824.pdf,5f97e299513066dd8ddd5084c4bd048f21c6b0d406461d07af13f1bc2350748a
SBP:credito_local:industria,2024-08,Crédito local SBN · Industria,industria,4078.0,millones USD,3459.0,2023-08,17.9,Cuadro 5: Sistema Bancario Nacional,15,https://www.superbancos.gob.pa/documentos/financiera_y_estadistica/estudios/IAB/IAB-0824.pdf,5f97e299513066dd8ddd5084c4bd048f21c6b0d406461d07af13f1bc2350748a
SBP:credito_local:minas_canteras,2024-08,Crédito local SBN · Minas y Canteras,minas_canteras,41.0,millones USD,59.0,2023-08,-30.3,Cuadro 5: Sistema Bancario Nacional,15,https://www.superbancos.gob.pa/documentos/financiera_y_estadistica/estudios/IAB/IAB-0824.pdf,5f97e299513066dd8ddd5084c4bd048f21c6b0d406461d07af13f1bc2350748a
SBP:credito_local:pesca,2024-08,Crédito local SBN · Pesca,pesca,93.0,millones USD,117.0,2023-08,-20.2,Cuadro 5: Sistema Bancario Nacional,15,https://www.superbancos.gob.pa/documentos/financiera_y_estadistica/estudios/IAB/IAB-0824.pdf,5f97e299513066dd8ddd5084c4bd048f21c6b0d406461d07af13f1bc2350748a
SBP:credito_local:sector_privado,2024-08,Crédito local SBN · Sector Privado,sector_privado,61085.0,millones USD,57956.0,2023-08,5.4,Cuadro 5: Sistema Bancario Nacional,15,https://www.superbancos.gob.pa/documentos/financiera_y_estadistica/estudios/IAB/IAB-0824.pdf,5f97e299513066dd8ddd5084c4bd048f21c6b0d406461d07af13f1bc2350748a
SBP:credito_local:sector_publico,2024-08,Crédito local SBN · Sector Público,sector_publico,1994.0,millones USD,2091.0,2023-08,-4.7,Cuadro 5: Sistema Bancario Nacional,15,https://www.superbancos.gob.pa/documentos/financiera_y_estadistica/estudios/IAB/IAB-0824.pdf,5f97e299513066dd8ddd5084c4bd048f21c6b0d406461d07af13f1bc2350748a
SBP:credito_local:total,2024-08,Crédito local SBN · Total,total,63079.0,millones USD,60047.0,2023-08,5.0,Cuadro 5: Sistema Bancario Nacional,15,https://www.superbancos.gob.pa/documentos/financiera_y_estadistica/estudios/IAB/IAB-0824.pdf,5f97e299513066dd8ddd5084c4bd048f21c6b0d406461d07af13f1bc2350748a
SBP:credito_local:act_financieras_seguros,2024-09,Crédito local SBN · Act. Financieras y Seguros,act_financieras_seguros,2102.0,millones USD,1665.0,2023-09,26.2,Cuadro 5: Sistema Bancario Nacional,16,https://www.superbancos.gob.pa/documentos/financiera_y_estadistica/estudios/IAB/IAB-0924.pdf,517b57bd3d146c6dc1097329d1e73d7010a45a754d7aef3d7e8ea7dc583adb8f
SBP:credito_local:agricultura,2024-09,Crédito local SBN · Agricultura,agricultura,551.0,millones USD,493.0,2023-09,11.6,Cuadro 5: Sistema Bancario Nacional,16,https://www.superbancos.gob.pa/documentos/financiera_y_estadistica/estudios/IAB/IAB-0924.pdf,517b57bd3d146c6dc1097329d1e73d7010a45a754d7aef3d7e8ea7dc583adb8f
SBP:credito_local:comercio,2024-09,Crédito local SBN · Comercio,comercio,13341.0,millones USD,12331.0,2023-09,8.2,Cuadro 5: Sistema Bancario Nacional,16,https://www.superbancos.gob.pa/documentos/financiera_y_estadistica/estudios/IAB/IAB-0924.pdf,517b57bd3d146c6dc1097329d1e73d7010a45a754d7aef3d7e8ea7dc583adb8f
SBP:credito_local:construccion,2024-09,Crédito local SBN · Construcción,construccion,5022.0,millones USD,5073.0,2023-09,-1.0,Cuadro 5: Sistema Bancario Nacional,16,https://www.superbancos.gob.pa/documentos/financiera_y_estadistica/estudios/IAB/IAB-0924.pdf,517b57bd3d146c6dc1097329d1e73d7010a45a754d7aef3d7e8ea7dc583adb8f
SBP:credito_local:consumo_personal,2024-09,Crédito local SBN · Consumo Personal,consumo_personal,14041.0,millones USD,13482.0,2023-09,4.1,Cuadro 5: Sistema Bancario Nacional,16,https://www.superbancos.gob.pa/documentos/financiera_y_estadistica/estudios/IAB/IAB-0924.pdf,517b57bd3d146c6dc1097329d1e73d7010a45a754d7aef3d7e8ea7dc583adb8f
SBP:credito_local:ganaderia,2024-09,Crédito local SBN · Ganadería,ganaderia,1277.0,millones USD,1325.0,2023-09,-3.6,Cuadro 5: Sistema Bancario Nacional,16,https://www.superbancos.gob.pa/documentos/financiera_y_estadistica/estudios/IAB/IAB-0924.pdf,517b57bd3d146c6dc1097329d1e73d7010a45a754d7aef3d7e8ea7dc583adb8f
SBP:credito_local:hipotecario,2024-09,Crédito local SBN · Hipotecario,hipotecario,20904.0,millones USD,20398.0,2023-09,2.5,Cuadro 5: Sistema Bancario Nacional,16,https://www.superbancos.gob.pa/documentos/financiera_y_estadistica/estudios/IAB/IAB-0924.pdf,517b57bd3d146c6dc1097329d1e73d7010a45a754d7aef3d7e8ea7dc583adb8f
SBP:credito_local:industria,2024-09,Crédito local SBN · Industria,industria,4094.0,millones USD,3516.0,2023-09,16.4,Cuadro 5: Sistema Bancario Nacional,16,https://www.superbancos.gob.pa/documentos/financiera_y_estadistica/estudios/IAB/IAB-0924.pdf,517b57bd3d146c6dc1097329d1e73d7010a45a754d7aef3d7e8ea7dc583adb8f
SBP:credito_local:minas_canteras,2024-09,Crédito local SBN · Minas y Canteras,minas_canteras,41.0,millones USD,59.0,2023-09,-30.9,Cuadro 5: Sistema Bancario Nacional,16,https://www.superbancos.gob.pa/documentos/financiera_y_estadistica/estudios/IAB/IAB-0924.pdf,517b57bd3d146c6dc1097329d1e73d7010a45a754d7aef3d7e8ea7dc583adb8f
SBP:credito_local:pesca,2024-09,Crédito local SBN · Pesca,pesca,96.0,millones USD,127.0,2023-09,-24.3,Cuadro 5: Sistema Bancario Nacional,16,https://www.superbancos.gob.pa/documentos/financiera_y_estadistica/estudios/IAB/IAB-0924.pdf,517b57bd3d146c6dc1097329d1e73d7010a45a754d7aef3d7e8ea7dc583adb8f
SBP:credito_local:sector_privado,2024-09,Crédito local SBN · Sector Privado,sector_privado,61468.0,millones USD,58470.0,2023-09,5.1,Cuadro 5: Sistema Bancario Nacional,16,https://www.superbancos.gob.pa/documentos/financiera_y_estadistica/estudios/IAB/IAB-0924.pdf,517b57bd3d146c6dc1097329d1e73d7010a45a754d7aef3d7e8ea7dc583adb8f
SBP:credito_local:sector_publico,2024-09,Crédito local SBN · Sector Público,sector_publico,2368.0,millones USD,2102.0,2023-09,12.6,Cuadro 5: Sistema Bancario Nacional,16,https://www.superbancos.gob.pa/documentos/financiera_y_estadistica/estudios/IAB/IAB-0924.pdf,517b57bd3d146c6dc1097329d1e73d7010a45a754d7aef3d7e8ea7dc583adb8f
SBP:credito_local:total,2024-09,Crédito local SBN · Total,total,63836.0,millones USD,60572.0,2023-09,5.4,Cuadro 5: Sistema Bancario Nacional,16,https://www.superbancos.gob.pa/documentos/financiera_y_estadistica/estudios/IAB/IAB-0924.pdf,517b57bd3d146c6dc1097329d1e73d7010a45a754d7aef3d7e8ea7dc583adb8f
SBP:credito_local:act_financieras_seguros,2024-10,Crédito local SBN · Act. Financieras y Seguros,act_financieras_seguros,1958.9,millones USD,1698.7,2023-10,15.3,Cuadro 5: Sistema Bancario Nacional,15,https://www.superbancos.gob.pa/documentos/financiera_y_estadistica/estudios/IAB/IAB-1024.pdf,e434924a04bd340082cd0221befffb7d7df752489b9a2161dbdf4af9eb8d658c
SBP:credito_local:agricultura,2024-10,Crédito local SBN · Agricultura,agricultura,584.9,millones USD,493.6,2023-10,18.5,Cuadro 5: Sistema Bancario Nacional,15,https://www.superbancos.gob.pa/documentos/financiera_y_estadistica/estudios/IAB/IAB-1024.pdf,e434924a04bd340082cd0221befffb7d7df752489b9a2161dbdf4af9eb8d658c
SBP:credito_local:comercio,2024-10,Crédito local SBN · Comercio,comercio,13415.3,millones USD,12267.5,2023-10,9.4,Cuadro 5: Sistema Bancario Nacional,15,https://www.superbancos.gob.pa/documentos/financiera_y_estadistica/estudios/IAB/IAB-1024.pdf,e434924a04bd340082cd0221befffb7d7df752489b9a2161dbdf4af9eb8d658c
SBP:credito_local:construccion,2024-10,Crédito local SBN · Construcción,construccion,5008.4,millones USD,5076.4,2023-10,-1.3,Cuadro 5: Sistema Bancario Nacional,15,https://www.superbancos.gob.pa/documentos/financiera_y_estadistica/estudios/IAB/IAB-1024.pdf,e434924a04bd340082cd0221befffb7d7df752489b9a2161dbdf4af9eb8d658c
SBP:credito_local:consumo_personal,2024-10,Crédito local SBN · Consumo Personal,consumo_personal,14145.6,millones USD,13516.9,2023-10,4.7,Cuadro 5: Sistema Bancario Nacional,15,https://www.superbancos.gob.pa/documentos/financiera_y_estadistica/estudios/IAB/IAB-1024.pdf,e434924a04bd340082cd0221befffb7d7df752489b9a2161dbdf4af9eb8d658c
SBP:credito_local:ganaderia,2024-10,Crédito local SBN · Ganadería,ganaderia,1317.8,millones USD,1315.5,2023-10,0.2,Cuadro 5: Sistema Bancario Nacional,15,https://www.superbancos.gob.pa/documentos/financiera_y_estadistica/estudios/IAB/IAB-1024.pdf,e434924a04bd340082cd0221befffb7d7df752489b9a2161dbdf4af9eb8d658c
SBP:credito_local:hipotecario,2024-10,Crédito local SBN · Hipotecario,hipotecario,21058.3,millones USD,20460.2,2023-10,2.9,Cuadro 5: Sistema Bancario Nacional,15,https://www.superbancos.gob.pa/documentos/financiera_y_estadistica/estudios/IAB/IAB-1024.pdf,e434924a04bd340082cd0221befffb7d7df752489b9a2161dbdf4af9eb8d658c
SBP:credito_local:industria,2024-10,Crédito local SBN · Industria,industria,4081.7,millones USD,3488.5,2023-10,17.0,Cuadro 5: Sistema Bancario Nacional,15,https://www.superbancos.gob.pa/documentos/financiera_y_estadistica/estudios/IAB/IAB-1024.pdf,e434924a04bd340082cd0221befffb7d7df752489b9a2161dbdf4af9eb8d658c
SBP:credito_local:minas_canteras,2024-10,Crédito local SBN · Minas y Canteras,minas_canteras,41.2,millones USD,57.9,2023-10,-28.9,Cuadro 5: Sistema Bancario Nacional,15,https://www.superbancos.gob.pa/documentos/financiera_y_estadistica/estudios/IAB/IAB-1024.pdf,e434924a04bd340082cd0221befffb7d7df752489b9a2161dbdf4af9eb8d658c
SBP:credito_local:pesca,2024-10,Crédito local SBN · Pesca,pesca,88.5,millones USD,131.9,2023-10,-32.9,Cuadro 5: Sistema Bancario Nacional,15,https://www.superbancos.gob.pa/documentos/financiera_y_estadistica/estudios/IAB/IAB-1024.pdf,e434924a04bd340082cd0221befffb7d7df752489b9a2161dbdf4af9eb8d658c
SBP:credito_local:sector_privado,2024-10,Crédito local SBN · Sector Privado,sector_privado,61700.6,millones USD,58507.0,2023-10,5.5,Cuadro 5: Sistema Bancario Nacional,15,https://www.superbancos.gob.pa/documentos/financiera_y_estadistica/estudios/IAB/IAB-1024.pdf,e434924a04bd340082cd0221befffb7d7df752489b9a2161dbdf4af9eb8d658c
SBP:credito_local:sector_publico,2024-10,Crédito local SBN · Sector Público,sector_publico,2378.7,millones USD,2063.3,2023-10,15.3,Cuadro 5: Sistema Bancario Nacional,15,https://www.superbancos.gob.pa/documentos/financiera_y_estadistica/estudios/IAB/IAB-1024.pdf,e434924a04bd340082cd0221befffb7d7df752489b9a2161dbdf4af9eb8d658c
SBP:credito_local:total,2024-10,Crédito local SBN · Total,total,64079.3,millones USD,60570.3,2023-10,5.8,Cuadro 5: Sistema Bancario Nacional,15,https://www.superbancos.gob.pa/documentos/financiera_y_estadistica/estudios/IAB/IAB-1024.pdf,e434924a04bd340082cd0221befffb7d7df752489b9a2161dbdf4af9eb8d658c
SBP:credito_local:act_financieras_seguros,2024-11,Crédito local SBN · Act. Financieras y Seguros,act_financieras_seguros,1920.3,millones USD,1723.0,2023-11,11.4,Cuadro 5: Crédito local – Sistema Bancario Nacional,14,https://www.superbancos.gob.pa/documentos/financiera_y_estadistica/estudios/IAB/IAB-1124.pdf,48d712a7cdbeee0aa50638b47744f75d94475e69b68e96fc067256929c31d66d
SBP:credito_local:agricultura,2024-11,Crédito local SBN · Agricultura,agricultura,595.0,millones USD,492.9,2023-11,20.7,Cuadro 5: Crédito local – Sistema Bancario Nacional,14,https://www.superbancos.gob.pa/documentos/financiera_y_estadistica/estudios/IAB/IAB-1124.pdf,48d712a7cdbeee0aa50638b47744f75d94475e69b68e96fc067256929c31d66d
SBP:credito_local:comercio,2024-11,Crédito local SBN · Comercio,comercio,13521.4,millones USD,12395.7,2023-11,9.1,Cuadro 5: Crédito local – Sistema Bancario Nacional,14,https://www.superbancos.gob.pa/documentos/financiera_y_estadistica/estudios/IAB/IAB-1124.pdf,48d712a7cdbeee0aa50638b47744f75d94475e69b68e96fc067256929c31d66d
SBP:credito_local:construccion,2024-11,Crédito local SBN · Construcción,construccion,4992.1,millones USD,5023.8,2023-11,-0.6,Cuadro 5: Crédito local – Sistema Bancario Nacional,14,https://www.superbancos.gob.pa/documentos/financiera_y_estadistica/estudios/IAB/IAB-1124.pdf,48d712a7cdbeee0aa50638b47744f75d94475e69b68e96fc067256929c31d66d
SBP:credito_local:consumo_personal,2024-11,Crédito local SBN · Consumo Personal,consumo_personal,14234.7,millones USD,13630.8,2023-11,4.4,Cuadro 5: Crédito local – Sistema Bancario Nacional,14,https://www.superbancos.gob.pa/documentos/financiera_y_estadistica/estudios/IAB/IAB-1124.pdf,48d712a7cdbeee0aa50638b47744f75d94475e69b68e96fc067256929c31d66d
SBP:credito_local:ganaderia,2024-11,Crédito local SBN · Ganadería,ganaderia,1312.7,millones USD,1310.8,2023-11,0.2,Cuadro 5: Crédito local – Sistema Bancario Nacional,14,https://www.superbancos.gob.pa/documentos/financiera_y_estadistica/estudios/IAB/IAB-1124.pdf,48d712a7cdbeee0aa50638b47744f75d94475e69b68e96fc067256929c31d66d
SBP:credito_local:hipotecario,2024-11,Crédito local SBN · Hipotecario,hipotecario,21071.4,millones USD,20483.1,2023-11,2.9,Cuadro 5: Crédito local – Sistema Bancario Nacional,14,https://www.superbancos.gob.pa/documentos/financiera_y_estadistica/estudios/IAB/IAB-1124.pdf,48d712a7cdbeee0aa50638b47744f75d94475e69b68e96fc067256929c31d66d
SBP:credito_local:industria,2024-11,Crédito local SBN · Industria,industria,4058.2,millones USD,3652.0,2023-11,11.1,Cuadro 5: Crédito local – Sistema Bancario Nacional,14,https://www.superbancos.gob.pa/documentos/financiera_y_estadistica/estudios/IAB/IAB-1124.pdf,48d712a7cdbeee0aa50638b47744f75d94475e69b68e96fc067256929c31d66d
SBP:credito_local:minas_canteras,2024-11,Crédito local SBN · Minas y Canteras,minas_canteras,41.5,millones USD,57.5,2023-11,-27.8,Cuadro 5: Crédito local – Sistema Bancario Nacional,14,https://www.superbancos.gob.pa/documentos/financiera_y_estadistica/estudios/IAB/IAB-1124.pdf,48d712a7cdbeee0aa50638b47744f75d94475e69b68e96fc067256929c31d66d
SBP:credito_local:pesca,2024-11,Crédito local SBN · Pesca,pesca,88.3,millones USD,132.2,2023-11,-33.2,Cuadro 5: Crédito local – Sistema Bancario Nacional,14,https://www.superbancos.gob.pa/documentos/financiera_y_estadistica/estudios/IAB/IAB-1124.pdf,48d712a7cdbeee0aa50638b47744f75d94475e69b68e96fc067256929c31d66d
SBP:credito_local:sector_privado,2024-11,Crédito local SBN · Sector Privado,sector_privado,61835.7,millones USD,58901.7,2023-11,5.0,Cuadro 5: Crédito local – Sistema Bancario Nacional,14,https://www.superbancos.gob.pa/documentos/financiera_y_estadistica/estudios/IAB/IAB-1124.pdf,48d712a7cdbeee0aa50638b47744f75d94475e69b68e96fc067256929c31d66d
SBP:credito_local:sector_publico,2024-11,Crédito local SBN · Sector Público,sector_publico,2347.5,millones USD,2043.8,2023-11,14.9,Cuadro 5: Crédito local – Sistema Bancario Nacional,14,https://www.superbancos.gob.pa/documentos/financiera_y_estadistica/estudios/IAB/IAB-1124.pdf,48d712a7cdbeee0aa50638b47744f75d94475e69b68e96fc067256929c31d66d
SBP:credito_local:total,2024-11,Crédito local SBN · Total,total,64183.2,millones USD,60945.5,2023-11,5.3,Cuadro 5: Crédito local – Sistema Bancario Nacional,14,https://www.superbancos.gob.pa/documentos/financiera_y_estadistica/estudios/IAB/IAB-1124.pdf,48d712a7cdbeee0aa50638b47744f75d94475e69b68e96fc067256929c31d66d
SBP:credito_local:act_financieras_seguros,2024-12,Crédito local SBN · Act. Financieras y Seguros,act_financieras_seguros,2027.0,millones USD,1830.0,2023-12,10.7,Cuadro 5: Crédito local – Sistema Bancario Nacional,14,https://www.superbancos.gob.pa/documentos/financiera_y_estadistica/estudios/IAB/IAB-1224.pdf,fee5fea482dba1ea18f8e74a566460a8b6c2bd242baf645887119745a62f0014
SBP:credito_local:agricultura,2024-12,Crédito local SBN · Agricultura,agricultura,588.0,millones USD,494.0,2023-12,19.1,Cuadro 5: Crédito local – Sistema Bancario Nacional,14,https://www.superbancos.gob.pa/documentos/financiera_y_estadistica/estudios/IAB/IAB-1224.pdf,fee5fea482dba1ea18f8e74a566460a8b6c2bd242baf645887119745a62f0014
SBP:credito_local:comercio,2024-12,Crédito local SBN · Comercio,comercio,13177.0,millones USD,12210.0,2023-12,7.9,Cuadro 5: Crédito local – Sistema Bancario Nacional,14,https://www.superbancos.gob.pa/documentos/financiera_y_estadistica/estudios/IAB/IAB-1224.pdf,fee5fea482dba1ea18f8e74a566460a8b6c2bd242baf645887119745a62f0014
SBP:credito_local:construccion,2024-12,Crédito local SBN · Construcción,construccion,4934.0,millones USD,5015.0,2023-12,-1.6,Cuadro 5: Crédito local – Sistema Bancario Nacional,14,https://www.superbancos.gob.pa/documentos/financiera_y_estadistica/estudios/IAB/IAB-1224.pdf,fee5fea482dba1ea18f8e74a566460a8b6c2bd242baf645887119745a62f0014
SBP:credito_local:consumo_personal,2024-12,Crédito local SBN · Consumo Personal,consumo_personal,14242.0,millones USD,13657.0,2023-12,4.3,Cuadro 5: Crédito local – Sistema Bancario Nacional,14,https://www.superbancos.gob.pa/documentos/financiera_y_estadistica/estudios/IAB/IAB-1224.pdf,fee5fea482dba1ea18f8e74a566460a8b6c2bd242baf645887119745a62f0014
SBP:credito_local:ganaderia,2024-12,Crédito local SBN · Ganadería,ganaderia,1309.0,millones USD,1316.0,2023-12,-0.5,Cuadro 5: Crédito local – Sistema Bancario Nacional,14,https://www.superbancos.gob.pa/documentos/financiera_y_estadistica/estudios/IAB/IAB-1224.pdf,fee5fea482dba1ea18f8e74a566460a8b6c2bd242baf645887119745a62f0014
SBP:credito_local:hipotecario,2024-12,Crédito local SBN · Hipotecario,hipotecario,21113.0,millones USD,20563.0,2023-12,2.7,Cuadro 5: Crédito local – Sistema Bancario Nacional,14,https://www.superbancos.gob.pa/documentos/financiera_y_estadistica/estudios/IAB/IAB-1224.pdf,fee5fea482dba1ea18f8e74a566460a8b6c2bd242baf645887119745a62f0014
SBP:credito_local:industria,2024-12,Crédito local SBN · Industria,industria,4106.0,millones USD,3799.0,2023-12,8.1,Cuadro 5: Crédito local – Sistema Bancario Nacional,14,https://www.superbancos.gob.pa/documentos/financiera_y_estadistica/estudios/IAB/IAB-1224.pdf,fee5fea482dba1ea18f8e74a566460a8b6c2bd242baf645887119745a62f0014
SBP:credito_local:minas_canteras,2024-12,Crédito local SBN · Minas y Canteras,minas_canteras,41.0,millones USD,57.0,2023-12,-27.6,Cuadro 5: Crédito local – Sistema Bancario Nacional,14,https://www.superbancos.gob.pa/documentos/financiera_y_estadistica/estudios/IAB/IAB-1224.pdf,fee5fea482dba1ea18f8e74a566460a8b6c2bd242baf645887119745a62f0014
SBP:credito_local:pesca,2024-12,Crédito local SBN · Pesca,pesca,87.0,millones USD,132.0,2023-12,-34.1,Cuadro 5: Crédito local – Sistema Bancario Nacional,14,https://www.superbancos.gob.pa/documentos/financiera_y_estadistica/estudios/IAB/IAB-1224.pdf,fee5fea482dba1ea18f8e74a566460a8b6c2bd242baf645887119745a62f0014
SBP:credito_local:sector_privado,2024-12,Crédito local SBN · Sector Privado,sector_privado,61625.0,millones USD,59074.0,2023-12,4.3,Cuadro 5: Crédito local – Sistema Bancario Nacional,14,https://www.superbancos.gob.pa/documentos/financiera_y_estadistica/estudios/IAB/IAB-1224.pdf,fee5fea482dba1ea18f8e74a566460a8b6c2bd242baf645887119745a62f0014
SBP:credito_local:sector_publico,2024-12,Crédito local SBN · Sector Público,sector_publico,1961.0,millones USD,1529.0,2023-12,28.2,Cuadro 5: Crédito local – Sistema Bancario Nacional,14,https://www.superbancos.gob.pa/documentos/financiera_y_estadistica/estudios/IAB/IAB-1224.pdf,fee5fea482dba1ea18f8e74a566460a8b6c2bd242baf645887119745a62f0014
SBP:credito_local:total,2024-12,Crédito local SBN · Total,total,63586.0,millones USD,60604.0,2023-12,4.9,Cuadro 5: Crédito local – Sistema Bancario Nacional,14,https://www.superbancos.gob.pa/documentos/financiera_y_estadistica/estudios/IAB/IAB-1224.pdf,fee5fea482dba1ea18f8e74a566460a8b6c2bd242baf645887119745a62f0014
